Sucursal,Asesor,Codigo Asesor,Cliente,Codigo Cliente,U.E.,Litros Empaque,Producto,Litros Potenciales
Caracas,Juan Carlos Valera,77470,AEROCAMIONES DE VENEZUELA C.A,1117,Tambor,208,ECO CLASSIC HEAVY DUTY DIESEL MULTIGRADE MOTOR OIL API CI-4 SAE 15W40,"416,00"
Caracas,Juan Carlos Valera,77470,AEROCAMIONES DE VENEZUELA C.A,1117,Tambor,208,BIO MATIC AUTOMATIC TRANSMISSION FLUID DEXRON III H,"208,00"
Caracas,Juan Carlos Valera,77470,AEROCAMIONES DE VENEZUELA C.A,1117,Tambor,208,CAR MINE  HEAVY DUTY COOLANT,"208,00"
Caracas,Juan Carlos Valera,77470,"CONSTRUCCIONES YAMARO, C.A",1465,Paila,19,ECO GREASE COMPLEX HT-EP 5% BIMOLI,"57,00"
Caracas,Juan Carlos Valera,77470,"CONSTRUCCIONES YAMARO, C.A",1465,Tambor,208,ECO DYN PREMIUM AW 100 HIDRAULIC OIL,"208,00"
Caracas,Juan Carlos Valera,77470,"CONSTRUCCIONES YAMARO, C.A",1465,Tambor,208,ECO DYN THERMOLUB 100,"208,00"
Caracas,Juan Carlos Valera,77470,"CONSTRUCCIONES YAMARO, C.A",1465,Tote Tank,1040,ECO CLASSIC HEAVY DUTY DIESEL MULTIGRADE MOTOR OIL API CI-4 SAE 15W40,"2.080,00"
Caracas,Juan Carlos Valera,77470,CONSTRUCTORA VIALPA S.A,1651,Tambor,208,ECO CLASSIC HEAVY DUTY DIESEL MULTIGRADE MOTOR OIL API CI-4 SAE 15W40,"1.040,00"
Caracas,Juan Carlos Valera,77470,CONSTRUCTORA VIALPA S.A,1651,Tambor,208,ECO PLUS MONOGRADE MOTOR OIL API CF SAE 50 TBN 10,"416,00"
Caracas,Juan Carlos Valera,77470,CONSTRUCTORA VIALPA S.A,1651,Tambor,208,BIO MATIC CATERPILLAR TO-4 30,"208,00"
Caracas,Juan Carlos Valera,77470,CONSTRUCTORA VIALPA S.A,1651,Tambor,208,ADDENDUM MULTIGRADE GEAR OIL API GL-5  SAE 80W90,"208,00"
Caracas,Juan Carlos Valera,77470,CONSTRUCTORA VIALPA S.A,1651,Tambor,208,ECO GREASE COMPLEX HT-EP 5% BIMOLI,"208,00"
Caracas,Juan Carlos Valera,77470,CONSTRUCTORA VIALPA S.A,1651,Tambor,208,CAR MINE  HEAVY DUTY COOLANT,"416,00"
Caracas,Juan Carlos Valera,77470,LABORATORIOS LETI S AV,67882,Tambor,208,ECO CLASSIC HEAVY DUTY DIESEL MULTIGRADE MOTOR OIL API CI-4 SAE 15W40,"3.328,00"
Caracas,Juan Carlos Valera,77470,LABORATORIOS LETI S AV,67882,Tambor,208,CAR MINE  HEAVY DUTY COOLANT,"1.248,00"
Caracas,Juan Carlos Valera,77470,"CONSORCIO MINERO LUSO VARGAS,CA CONLUVAR",70449,Tambor,208,ECO DYN INDUSTRIAL GEAR OIL EP 220,"208,00"
Caracas,Juan Carlos Valera,77470,"CONSORCIO MINERO LUSO VARGAS,CA CONLUVAR",70449,Tambor,208,BIO MATIC CATERPILLAR TO-4 30,"208,00"
Caracas,Juan Carlos Valera,77470,"CONSORCIO MINERO LUSO VARGAS,CA CONLUVAR",70449,Tambor,208,ADDENDUM MULTIGRADE GEAR OIL API GL-5  SAE 80W90,"1.248,00"
Caracas,Juan Carlos Valera,77470,"CONSORCIO MINERO LUSO VARGAS,CA CONLUVAR",70449,Tambor,208,ECO GREASE COMPLEX HT-EP 5% BIMOLI,"208,00"
Caracas,Juan Carlos Valera,77470,"CONSORCIO MINERO LUSO VARGAS,CA CONLUVAR",70449,Tote Tank,1040,ECO CLASSIC HEAVY DUTY DIESEL MULTIGRADE MOTOR OIL API CI-4 SAE 15W40,"2.080,00"
Caracas,Juan Carlos Valera,77470,"CONSORCIO MINERO LUSO VARGAS,CA CONLUVAR",70449,Tote Tank,1040,ECO PLUS MONOGRADE MOTOR OIL API CF SAE 50 TBN 10,"1.040,00"
Caracas,Juan Carlos Valera,77470,"TREVI CIMENTACIONES, C.A.",15781,Tambor,208,ECO CLASSIC HEAVY DUTY DIESEL MULTIGRADE MOTOR OIL API CI-4 SAE 15W40,"1.040,00"
Caracas,Juan Carlos Valera,77470,CONSORCIO B&P,70848,Tote Tank,1040,ECO CLASSIC HEAVY DUTY DIESEL MULTIGRADE MOTOR OIL API CI-4 SAE 15W40,"8.320,00"
Caracas,Juan Carlos Valera,77470,CONSORCIO B&P,70848,Tote Tank,1040,ECO PLUS MONOGRADE MOTOR OIL API CF SAE 50 TBN 10,"4.160,00"
Caracas,Juan Carlos Valera,77470,"LABORATORIOS FC PHARMA,CA",74749,Bidon,"20,000",CAR MINE  HEAVY DUTY COOLANT,"60,00"
Caracas,Juan Carlos Valera,77470,"LABORATORIOS FC PHARMA,CA",74749,Paila,19,ECO CLASSIC HEAVY DUTY DIESEL MULTIGRADE MOTOR OIL API CI-4 SAE 15W40,"95,00"
Caracas,Juan Carlos Valera,77470,"REDVITAL COMERCIALIZADORA, C.A.",77047,Tambor,208,ECO CLASSIC HEAVY DUTY DIESEL MULTIGRADE MOTOR OIL API CI-4 SAE 15W40,"4.784,00"
Caracas,Juan Carlos Valera,77470,"REDVITAL COMERCIALIZADORA, C.A.",77047,Tambor,208,CAR MINE  HEAVY DUTY COOLANT,"416,00"
Caracas,Juan Carlos Valera,77470,C.A.FABRICA NACIONAL DE CEMENTOS S.A.C.A,11683,Tambor,208,ECO CLASSIC HEAVY DUTY DIESEL MULTIGRADE MOTOR OIL API CI-4 SAE 15W40,"1.040,00"
Caracas,Juan Carlos Valera,77470,C.A.FABRICA NACIONAL DE CEMENTOS S.A.C.A,11683,Tambor,208,ADDENDUM MULTIGRADE GEAR OIL API GL-5  SAE 80W90,"208,00"
Caracas,Juan Carlos Valera,77470,C.A.FABRICA NACIONAL DE CEMENTOS S.A.C.A,11683,Tambor,208,ECO GREASE COMPLEX HT-EP 5% BIMOLI,"208,00"
Caracas,Juan Carlos Valera,77470,INSTITUTO AEROPUERTO INTERNACIONAL DE,77229,Tambor,208,ECO CLASSIC HEAVY DUTY DIESEL MULTIGRADE MOTOR OIL API CI-4 SAE 15W40,"2.080,00"
Caracas,Juan Carlos Valera,77470,"PROCTER & GAMBLE INDUSTRIAL, S.C.A.",70228,Tambor,208,ECO CLASSIC HEAVY DUTY DIESEL MULTIGRADE MOTOR OIL API CI-4 SAE 15W40,"208,00"
Caracas,Juan Carlos Valera,77470,Nestle,5783,3x1,"11,355",ECO CLASSIC SYNTHETIC BLEND MULTIGRADE MOTOR OIL API SN/SL SAE 15W40,"79,49"
Caracas,Juan Carlos Valera,77470,Nestle,5783,3x1,"11,355",ECO CLASSIC HEAVY DUTY DIESEL MULTIGRADE MOTOR OIL API CI-4 SAE 15W40,"397,43"
Caracas,Juan Carlos Valera,77470,Nestle,5783,Tambor,208,ADDENDUM MULTIGRADE GEAR OIL API GL-5  SAE 80W90,"208,00"
Caracas,Juan Carlos Valera,77470,Nestle,5783,Tambor,208,CAR MINE COOLANT FLUID - 50/50,"208,00"
Caracas,Juan Carlos Valera,77470,"UNION PRODUCTORES AGROPECUARIOS, C.A.",78511,Tambor,208,ECO CLASSIC HEAVY DUTY DIESEL MULTIGRADE MOTOR OIL API CI-4 SAE 15W40,"416,00"
Caracas,Juan Carlos Valera,77470,"BIMBO DE VENEZUELA,C.A.",51778,Tambor,208,ECO CLASSIC HEAVY DUTY DIESEL MULTIGRADE MOTOR OIL API CI-4 SAE 15W40,"208,00"
Caracas,Juan Carlos Valera,77470,"BIMBO DE VENEZUELA,C.A.",51778,Tambor,208,CAR MINE  HEAVY DUTY COOLANT,"208,00"
Caracas,Juan Carlos Valera,77470,HIDROCAPITAL C.A.,19517,Paila,19,ECO PLUS MONOGRADE MOTOR OIL API CF SAE 50 TBN 10,"285,00"
Caracas,Juan Carlos Valera,77470,HIDROCAPITAL C.A.,19517,Tambor,208,ECO CLASSIC HEAVY DUTY DIESEL MULTIGRADE MOTOR OIL API CI-4 SAE 15W40,"1.040,00"
Caracas,Maria Eugenia Duran,79261,"ALIMENTOS POLAR COMERCIAL, C.A.",75026,Tambor,208,ECO CLASSIC HEAVY DUTY DIESEL MULTIGRADE MOTOR OIL API CI-4 SAE 15W40,"832,00"
Caracas,Maria Eugenia Duran,79261,"ALIMENTOS POLAR COMERCIAL, C.A.",75026,Tambor,208,CAR MINE  HEAVY DUTY COOLANT,"208,00"
Caracas,Maria Eugenia Duran,79261,PEPSI-COLA VENEZUELA C.A,27106,Paila,19,ECO CLASSIC SYNTHETIC BLEND MULTIGRADE MOTOR OIL API SN/SL SAE 15W40,"95,00"
Caracas,Maria Eugenia Duran,79261,PEPSI-COLA VENEZUELA C.A,27106,Paila,19,BIO MATIC AUTOMATIC TRANSMISSION FLUID DEXRON III H,"19,00"
Caracas,Maria Eugenia Duran,79261,PEPSI-COLA VENEZUELA C.A,27106,Paila,19,ADDENDUM MULTIGRADE GEAR OIL API GL-5  SAE 80W90,"19,00"
Caracas,Maria Eugenia Duran,79261,PEPSI-COLA VENEZUELA C.A,27106,Tambor,208,ECO CLASSIC HEAVY DUTY DIESEL MULTIGRADE MOTOR OIL API CI-4 SAE 15W40,"1.040,00"
Caracas,Maria Eugenia Duran,79261,PEPSI-COLA VENEZUELA C.A,27106,Tambor,208,CAR MINE  HEAVY DUTY COOLANT,"208,00"
Caracas,Maria Eugenia Duran,79261,"INDUSTRIA LACTEA VENEZOLANA, C.A",71652,Bidon,"20,000",CAR MINE  HEAVY DUTY COOLANT,"60,00"
Caracas,Maria Eugenia Duran,79261,"INDUSTRIA LACTEA VENEZOLANA, C.A",71652,Paila,19,ECO CLASSIC HEAVY DUTY DIESEL MULTIGRADE MOTOR OIL API CI-4 SAE 15W40,"38,00"
Caracas,Maria Eugenia Duran,79261,"PLUMROSE LATINOAMERICANA, C.A.",74440,Bidon,"20,000",CAR MINE  HEAVY DUTY COOLANT,"20,00"
Caracas,Maria Eugenia Duran,79261,"PLUMROSE LATINOAMERICANA, C.A.",74440,Paila,19,ECO CLASSIC HEAVY DUTY DIESEL MULTIGRADE MOTOR OIL API CI-4 SAE 15W40,"76,00"
Caracas,Maria Eugenia Duran,79261,"FARMATODO, C.A.",46752,Bidon,"20,000",CAR MINE  HEAVY DUTY COOLANT,"40,00"
Caracas,Maria Eugenia Duran,79261,"FARMATODO, C.A.",46752,Paila,19,ECO CLASSIC HEAVY DUTY DIESEL MULTIGRADE MOTOR OIL API CI-4 SAE 15W40,"76,00"
Caracas,Maria Eugenia Duran,79261,"ALFONZO RIVAS & CIA, C.A.",57735,Bidon,"20,000",CAR MINE  HEAVY DUTY COOLANT,"80,00"
Caracas,Maria Eugenia Duran,79261,"ALFONZO RIVAS & CIA, C.A.",57735,Tambor,208,ECO CLASSIC HEAVY DUTY DIESEL MULTIGRADE MOTOR OIL API CI-4 SAE 15W40,"208,00"
Caracas,Maria Eugenia Duran,79261,PREPARADOS ALIMENTICIOS PAICA,27966,Tambor,208,ECO CLASSIC HEAVY DUTY DIESEL MULTIGRADE MOTOR OIL API CI-4 SAE 15W40,"208,00"
Caracas,Maria Eugenia Duran,79261,PREPARADOS ALIMENTICIOS PAICA,27966,Tambor,208,CAR MINE  HEAVY DUTY COOLANT,"208,00"
Caracas,Maria Eugenia Duran,79261,FUNDICION DEL CENTRO C.A,1689,Paila,19,ECO CLASSIC HEAVY DUTY DIESEL MULTIGRADE MOTOR OIL API CI-4 SAE 15W40,"114,00"
Caracas,Maria Eugenia Duran,79261,FUNDICION DEL CENTRO C.A,1689,Tambor,208,CAR MINE  HEAVY DUTY COOLANT,"1.040,00"
Caracas,Maria Eugenia Duran,79261,ACUMULADORES DUNCAN  C.A.,7121,Paila,19,ECO CLASSIC HEAVY DUTY DIESEL MULTIGRADE MOTOR OIL API CI-4 SAE 15W40,"114,00"
Caracas,Maria Eugenia Duran,79261,ACUMULADORES DUNCAN  C.A.,7121,Tambor,208,CAR MINE  HEAVY DUTY COOLANT,"1.040,00"
Caracas,Maria Eugenia Duran,79261,"PASTAS CAPRI, C.A. (PASTAS CAPRI, C.A.)",59012,Bidon,"20,000",CAR MINE  HEAVY DUTY COOLANT,"40,00"
Caracas,Maria Eugenia Duran,79261,"PASTAS CAPRI, C.A. (PASTAS CAPRI, C.A.)",59012,Paila,19,ECO CLASSIC HEAVY DUTY DIESEL MULTIGRADE MOTOR OIL API CI-4 SAE 15W40,"19,00"
Caracas,Maria Eugenia Duran,79261,"FABRICA DE PASTAS ALLEGRI, C.A.",73682,Bidon,"20,000",CAR MINE  HEAVY DUTY COOLANT,"40,00"
Caracas,Maria Eugenia Duran,79261,"FABRICA DE PASTAS ALLEGRI, C.A.",73682,Paila,19,ECO CLASSIC HEAVY DUTY DIESEL MULTIGRADE MOTOR OIL API CI-4 SAE 15W40,"19,00"
Puerto la Cruz,,,"PESQUERA HERMANOS LOFFREDO, C.A.",2737,Tambor,208,ECO CLASSIC HEAVY DUTY DIESEL MULTIGRADE MOTOR OIL API CI-4 SAE 15W40,"624,00"
Puerto la Cruz,,,"PESQUERA HERMANOS LOFFREDO, C.A.",2737,Tambor,208,CAR MINE  HEAVY DUTY COOLANT,"624,00"
Puerto la Cruz,,,"INVERSIONES PROTECNICA, C.A",36853,3x1,"11,355",ECO CLASSIC HEAVY DUTY DIESEL MULTIGRADE MOTOR OIL API CI-4 SAE 15W40,"11,00"
Puerto la Cruz,,,"INVERSIONES PROTECNICA, C.A",36853,Bidon,"20,000",CAR MINE  HEAVY DUTY COOLANT,"20,00"
Puerto la Cruz,,,"INVERSIONES PROTECNICA, C.A",36853,Paila,19,ECO DYN PREMIUM HYDRAULIC OIL AW 46,"38,00"
Puerto la Cruz,,,"INVERSIONES PROTECNICA, C.A",36853,Paila,19,BIO MATIC CATERPILLAR TO-4 30,"114,00"
Puerto la Cruz,,,"CLIMAORIENTE, C.A",49330,Bidon,"20,000",CAR MINE  HEAVY DUTY COOLANT,"20,00"
Puerto la Cruz,,,"CLIMAORIENTE, C.A",49330,Paila,19,ECO CLASSIC HEAVY DUTY DIESEL MULTIGRADE MOTOR OIL API CI-4 SAE 15W40,"19,00"
Puerto la Cruz,,,INVERSIONES Y CONSTRUCCIONES PEROZO C.A,32611,3x1,"11,355",ECO CLASSIC HEAVY DUTY DIESEL MULTIGRADE MOTOR OIL API CI-4 SAE 15W40,"45,00"
Puerto la Cruz,,,INVERSIONES Y CONSTRUCCIONES PEROZO C.A,32611,Bidon,"20,000",CAR MINE  HEAVY DUTY COOLANT,"100,00"
Puerto la Cruz,,,INVERSIONES Y CONSTRUCCIONES PEROZO C.A,32611,Tambor,208,ECO DYN PREMIUM HYDRAULIC OIL AW 68,"416,00"
Puerto la Cruz,,,INVERSIONES Y CONSTRUCCIONES PEROZO C.A,32611,Tambor,208,BIO MATIC CATERPILLAR TO-4 30,"208,00"
Puerto la Cruz,,,ARMANDO SEGUNDO GONZALEZ FIGUEROA,77483,Bidon,"20,000",CAR MINE  HEAVY DUTY COOLANT,"40,00"
Puerto la Cruz,,,ARMANDO SEGUNDO GONZALEZ FIGUEROA,77483,Paila,19,ECO CLASSIC HEAVY DUTY DIESEL MULTIGRADE MOTOR OIL API CI-4 SAE 15W40,"38,00"
Puerto la Cruz,,,ARMANDO SEGUNDO GONZALEZ FIGUEROA,77483,Paila,19,ECO DYN PREMIUM HYDRAULIC OIL AW 68,"38,00"
Puerto la Cruz,,,ARMANDO SEGUNDO GONZALEZ FIGUEROA,77483,Tambor,208,BIO MATIC CATERPILLAR TO-4 30,"208,00"
Puerto la Cruz,,,LISANDRO DEL VALLE GARCIA LOPEZ,77488,Bidon,"20,000",CAR MINE  HEAVY DUTY COOLANT,"60,00"
Puerto la Cruz,,,LISANDRO DEL VALLE GARCIA LOPEZ,77488,Paila,19,ECO CLASSIC HEAVY DUTY DIESEL MULTIGRADE MOTOR OIL API CI-4 SAE 15W40,"133,00"
Puerto la Cruz,,,LISANDRO DEL VALLE GARCIA LOPEZ,77488,Tambor,208,BIO MATIC CATERPILLAR TO-4 30,"208,00"
Puerto la Cruz,,,ALEXANDER JOSE NOGUERA GARCIA,79636,Bidon,"20,000",CAR MINE  HEAVY DUTY COOLANT,"120,00"
Puerto la Cruz,,,ALEXANDER JOSE NOGUERA GARCIA,79636,Paila,19,ECO CLASSIC HEAVY DUTY DIESEL MULTIGRADE MOTOR OIL API CI-4 SAE 15W40,"95,00"
Puerto la Cruz,,,ANGEL MIGUEL QUIROGA SOBRADO,93036,Bidon,"20,000",CAR MINE  HEAVY DUTY COOLANT,"100,00"
Puerto la Cruz,,,ANGEL MIGUEL QUIROGA SOBRADO,93036,Paila,19,ECO CLASSIC HEAVY DUTY DIESEL MULTIGRADE MOTOR OIL API CI-4 SAE 15W40,"57,00"
Puerto la Cruz,Jose Alfredo Lopez,27931,"DIALMAPE, C.A",68209,3x1,"11,355",ECO CLASSIC SYNTHETIC BLEND MULTIGRADE MOTOR OIL API SN/SL SAE 15W40,"34,00"
Puerto la Cruz,Jose Alfredo Lopez,27931,"DIALMAPE, C.A",68209,Bidon,"20,000",CAR MINE  HEAVY DUTY COOLANT,"100,00"
Puerto la Cruz,Jose Alfredo Lopez,27931,"DIALMAPE, C.A",68209,Paila,19,ECO CLASSIC HEAVY DUTY DIESEL MULTIGRADE MOTOR OIL API CI-4 SAE 15W40,"38,00"
Puerto la Cruz,Jose Alfredo Lopez,27931,"DIALMAPE, C.A",68209,Paila,19,ECO DYN PREMIUM HYDRAULIC OIL AW 68,"190,00"
Puerto la Cruz,Jose Alfredo Lopez,27931,"DIALMAPE, C.A",68209,Tambor,208,BIO MATIC CATERPILLAR TO-4 30,"208,00"
Puerto la Cruz,Jose Alfredo Lopez,27931,FULL PLAST C.A.,93003,3x1,"11,355",ECO CLASSIC HEAVY DUTY DIESEL MULTIGRADE MOTOR OIL API CI-4 SAE 15W40,"34,00"
Puerto la Cruz,Jose Alfredo Lopez,27931,FULL PLAST C.A.,93003,Bidon,"20,000",CAR MINE  HEAVY DUTY COOLANT,"60,00"
Puerto la Cruz,Jose Alfredo Lopez,27931,FULL PLAST C.A.,93003,Paila,19,ECO DYN PREMIUM HYDRAULIC OIL AW 68,"95,00"
Puerto la Cruz,Jose Alfredo Lopez,27931,FULL PLAST C.A.,93003,Tambor,208,BIO MATIC CATERPILLAR TO-4 30,"208,00"
Puerto la Cruz,Jose Alfredo Lopez,27931,SOLUCIONES Y SERVICIOS ENERGY MS C.A,78272,Paila,19,ECO PLUS MONOGRADE MOTOR OIL API CF SAE 50 TBN 10,"76,00"
Puerto la Cruz,Jose Alfredo Lopez,27931,NAVIERA PARAGUANA C.A.,76440,Paila,19,ECO CLASSIC HEAVY DUTY DIESEL MULTIGRADE MOTOR OIL API CI-4 SAE 15W40,"133,00"
Puerto la Cruz,Jose Alfredo Lopez,27931,NAVIERA PARAGUANA C.A.,76440,Paila,19,ECO PLUS MONOGRADE MOTOR OIL API CF SAE 50 TBN 10,"1.007,00"
Puerto la Cruz,Jose Alfredo Lopez,27931,NAVIERA PARAGUANA C.A.,76440,Paila,19,ECO DYN THERMOLUB 220,"342,00"
Puerto la Cruz,Jose Alfredo Lopez,27931,NAVIERA PARAGUANA C.A.,76440,Paila,19,ECO GREASE COMPLEX HT-EP,"19,00"
Puerto la Cruz,Jose Alfredo Lopez,27931,NAVIERA PARAGUANA C.A.,76440,Tambor,208,ECO CLASSIC HEAVY DUTY DIESEL MULTIGRADE MOTOR OIL API CI-4 SAE 15W40,"4.160,00"
Puerto la Cruz,Jose Alfredo Lopez,27931,NAVIERA PARAGUANA C.A.,76440,Tambor,208,ECO PLUS MONOGRADE MOTOR OIL API CF SAE 50 TBN 10,"416,00"
Puerto la Cruz,Jose Alfredo Lopez,27931,NAVIERA PARAGUANA C.A.,76440,Tambor,208,ECO DYN PREMIUM HYDRAULIC OIL AW 68,"624,00"
Puerto la Cruz,Jose Alfredo Lopez,27931,EL MORRO CASA DE REPRESENTACION CA,77662,Tambor,208,ECO CLASSIC HEAVY DUTY DIESEL MULTIGRADE MOTOR OIL API CI-4 SAE 15W40,"416,00"
Puerto la Cruz,Cesar Ramirez,46125,"VENEZOLANA DE CEMENTOS, S.A.C.A.",41580,Tambor,208,ECO CLASSIC HEAVY DUTY DIESEL MULTIGRADE MOTOR OIL API CI-4 SAE 15W40,"1.664,00"
Puerto la Cruz,Cesar Ramirez,46125,"VENEZOLANA DE CEMENTOS, S.A.C.A.",41580,Tambor,208,ECO PLUS MONOGRADE MOTOR OIL API CF SAE 50 TBN 10,"1.456,00"
Puerto la Cruz,Cesar Ramirez,46125,"VENEZOLANA DE CEMENTOS, S.A.C.A.",41580,Tambor,208,ECO DYN PREMIUM HYDRAULIC OIL AW 68,"832,00"
Puerto la Cruz,Cesar Ramirez,46125,"VENEZOLANA DE CEMENTOS, S.A.C.A.",41580,Tambor,208,ECO DYN INDUSTRIAL GEAR OIL EP 220,"208,00"
Puerto la Cruz,Cesar Ramirez,46125,"VENEZOLANA DE CEMENTOS, S.A.C.A.",41580,Tambor,208,BIO MATIC TO-4 SAE 10W,"1.040,00"
Puerto la Cruz,Cesar Ramirez,46125,"VENEZOLANA DE CEMENTOS, S.A.C.A.",41580,Tambor,208,BIO MATIC CATERPILLAR TO-4 30,"1.456,00"
Puerto la Cruz,Cesar Ramirez,46125,"VENEZOLANA DE CEMENTOS, S.A.C.A.",41580,Tambor,208,BIO MATIC CATERPILLAR TO-4 50,"1.040,00"
Puerto la Cruz,Cesar Ramirez,46125,"VENEZOLANA DE CEMENTOS, S.A.C.A.",41580,Tambor,208,ADDENDUM MULTIGRADE GEAR OIL API GL-5 SAE 85W140,"208,00"
Puerto la Cruz,Cesar Ramirez,46125,"VENEZOLANA DE CEMENTOS, S.A.C.A.",41580,Tambor,208,ECO GREASE COMPLEX HT-EP,"1.248,00"
Puerto la Cruz,Cesar Ramirez,46125,"GRAN CACIQUE II, C.A",27462,Paila,19,ECO DYN PREMIUM HYDRAULIC OIL AW 68,"38,00"
Puerto la Cruz,Cesar Ramirez,46125,"GRAN CACIQUE II, C.A",27462,Tambor,208,ECO CLASSIC HEAVY DUTY DIESEL MULTIGRADE MOTOR OIL API CI-4 SAE 15W40,"1.664,00"
Puerto la Cruz,Cesar Ramirez,46125,"GRAN CACIQUE II, C.A",27462,Tambor,208,ECO PLUS MONOGRADE MOTOR OIL API CF SAE 50 TBN 10,"1.248,00"
Puerto la Cruz,Cesar Ramirez,46125,FELIPMAR PESCA CA,32355,Paila,19,ECO DYN PREMIUM HYDRAULIC OIL AW 68,"57,00"
Puerto la Cruz,Cesar Ramirez,46125,FELIPMAR PESCA CA,32355,Tambor,208,ECO CLASSIC HEAVY DUTY DIESEL MULTIGRADE MOTOR OIL API CI-4 SAE 15W40,"624,00"
Puerto la Cruz,Cesar Ramirez,46125,CORPORACION PESQUERA ESMERALDA C.A.,59360,Paila,19,ECO DYN PREMIUM HYDRAULIC OIL AW 46,"57,00"
Puerto la Cruz,Cesar Ramirez,46125,CORPORACION PESQUERA ESMERALDA C.A.,59360,Tambor,208,ECO CLASSIC HEAVY DUTY DIESEL MULTIGRADE MOTOR OIL API CI-4 SAE 15W40,"624,00"
Puerto la Cruz,Cesar Ramirez,46125,CORPORACION PESQUERA ESMERALDA C.A.,59360,Tambor,208,CAR MINE  HEAVY DUTY COOLANT,"416,00"
Puerto la Cruz,Cesar Ramirez,46125,CERVECERIA POLAR C.A,5857,3x1,"11,355",ECO CLASSIC SYNTHETIC BLEND MULTIGRADE MOTOR OIL API SN/SL SAE 15W40,"114,00"
Puerto la Cruz,Cesar Ramirez,46125,CERVECERIA POLAR C.A,5857,3x1,"11,355",BIO MATIC AUTOMATIC TRANSMISSION FLUID DEXRON III H,"68,00"
Puerto la Cruz,Cesar Ramirez,46125,CERVECERIA POLAR C.A,5857,3x1,"11,355",CAR MINE BRAKE FLUID -DOT 3,"11,00"
Puerto la Cruz,Cesar Ramirez,46125,CERVECERIA POLAR C.A,5857,Bidon,"20,000",CAR MINE  HEAVY DUTY COOLANT,"40,00"
Puerto la Cruz,Cesar Ramirez,46125,CERVECERIA POLAR C.A,5857,Paila,19,ECO CLASSIC HEAVY DUTY DIESEL MULTIGRADE MOTOR OIL API CI-4 SAE 15W40,"38,00"
Puerto la Cruz,Cesar Ramirez,46125,CERVECERIA POLAR C.A,5857,Paila,19,ECO DYN PREMIUM HYDRAULIC OIL AW 68,"285,00"
Puerto la Cruz,Cesar Ramirez,46125,CERVECERIA POLAR C.A,5857,Paila,19,ECO GREASE COMPLEX HT-EP,"19,00"
Puerto la Cruz,Cesar Ramirez,46125,CERVECERIA POLAR C.A,5857,Tambor,208,ADDENDUM MULTIGRADE GEAR OIL API GL-5  SAE 80W90,"208,00"
Puerto la Cruz,Cesar Ramirez,46125,"ALIMENTOS POLAR COMERCIAL, C.A",40816,3x1,"11,355",ECO CLASSIC SYNTHETIC BLEND MULTIGRADE MOTOR OIL API SN/SL SAE 15W40,"23,00"
Puerto la Cruz,Cesar Ramirez,46125,"ALIMENTOS POLAR COMERCIAL, C.A",40816,3x1,"11,355",BIO MATIC AUTOMATIC TRANSMISSION FLUID DEXRON III H,"11,00"
Puerto la Cruz,Cesar Ramirez,46125,"ALIMENTOS POLAR COMERCIAL, C.A",40816,3x1,"11,355",CAR MINE BRAKE FLUID -DOT 3,"11,00"
Puerto la Cruz,Cesar Ramirez,46125,"ALIMENTOS POLAR COMERCIAL, C.A",40816,Bidon,"20,000",CAR MINE  HEAVY DUTY COOLANT,"20,00"
Puerto la Cruz,Cesar Ramirez,46125,"ALIMENTOS POLAR COMERCIAL, C.A",40816,Paila,19,ECO GREASE COMPLEX HT-EP,"19,00"
Puerto la Cruz,Cesar Ramirez,46125,"ALIMENTOS POLAR COMERCIAL, C.A",40816,Tambor,208,ECO CLASSIC HEAVY DUTY DIESEL MULTIGRADE MOTOR OIL API CI-4 SAE 15W40,"416,00"
Puerto la Cruz,Cesar Ramirez,46125,"ALIMENTOS POLAR COMERCIAL, C.A",40816,Tambor,208,ECO DYN PREMIUM HYDRAULIC OIL AW 68,"208,00"
Puerto la Cruz,Cesar Ramirez,46125,"ALIMENTOS POLAR COMERCIAL, C.A",40816,Tambor,208,ADDENDUM MULTIGRADE GEAR OIL API GL-5  SAE 80W90,"208,00"
Puerto la Cruz,Cesar Ramirez,46125,PASTEURIZADORA TACHIRA C.A,16586,Paila,19,ECO CLASSIC HEAVY DUTY DIESEL MULTIGRADE MOTOR OIL API CI-4 SAE 15W40,"38,00"
Puerto la Cruz,Cesar Ramirez,46125,VINCCLER C.A.,2840,3x1,"11,355",BIO MATIC AUTOMATIC TRANSMISSION FLUID DEXRON III H,"45,00"
Puerto la Cruz,Cesar Ramirez,46125,VINCCLER C.A.,2840,Bidon,"20,000",CAR MINE  HEAVY DUTY COOLANT,"20,00"
Puerto la Cruz,Cesar Ramirez,46125,VINCCLER C.A.,2840,Paila,19,ADDENDUM MULTIGRADE GEAR OIL API GL-5  SAE 80W90,"133,00"
Puerto la Cruz,Cesar Ramirez,46125,VINCCLER C.A.,2840,Paila,19,ECO GREASE COMPLEX HT-EP 3% BIMOLI,"19,00"
Puerto la Cruz,Cesar Ramirez,46125,VINCCLER C.A.,2840,Paila,19,ECO GREASE COMPLEX HT-EP 5% BIMOLI,"38,00"
Puerto la Cruz,Cesar Ramirez,46125,VINCCLER C.A.,2840,Tambor,208,ECO CLASSIC HEAVY DUTY DIESEL MULTIGRADE MOTOR OIL API CI-4 SAE 15W40,"2.496,00"
Puerto la Cruz,Cesar Ramirez,46125,VINCCLER C.A.,2840,Tambor,208,ECO PLUS MONOGRADE MOTOR OIL API CF SAE 50 TBN 10,"832,00"
Puerto la Cruz,Cesar Ramirez,46125,VINCCLER C.A.,2840,Tambor,208,ECO DYN PREMIUM HYDRAULIC OIL AW 68,"624,00"
Puerto la Cruz,Cesar Ramirez,46125,VINCCLER C.A.,2840,Tambor,208,BIO MATIC CATERPILLAR TO-4 30,"208,00"
Puerto la Cruz,Cesar Ramirez,46125,VINCCLER C.A.,2840,Tambor,208,BIO MATIC CATERPILLAR TO-4 50,"208,00"
Puerto la Cruz,Cesar Ramirez,46125,VINCCLER C.A.,2840,Tambor,208,ADDENDUM MULTIGRADE GEAR OIL API GL-5 SAE 85W140,"624,00"
Puerto la Cruz,Cesar Ramirez,46125,"EMPRESAS EL MORRO, CA.",58613,Bidon,"20,000",CAR MINE  HEAVY DUTY COOLANT,"120,00"
Puerto la Cruz,Cesar Ramirez,46125,"EMPRESAS EL MORRO, CA.",58613,Paila,19,ECO DYN GAS ENGINES OIL SAE 40,"76,00"
Puerto la Cruz,Cesar Ramirez,46125,"EMPRESAS EL MORRO, CA.",58613,Paila,19,ECO DYN PREMIUM HYDRAULIC OIL AW 68,"19,00"
Puerto la Cruz,Cesar Ramirez,46125,"EMPRESAS EL MORRO, CA.",58613,Tambor,208,ECO PLUS MONOGRADE MOTOR OIL API CF SAE 50 TBN 10,"416,00"
Puerto la Cruz,Cesar Ramirez,46125,"TRANSPORTE KAPETCO, C.A",73955,Paila,19,ECO CLASSIC SYNTHETIC BLEND MULTIGRADE API SP/SN SAE 20W-50,"76,00"
Puerto la Cruz,Cesar Ramirez,46125,"TRANSPORTE KAPETCO, C.A",73955,Paila,19,ECO DYN PREMIUM AW 150 HIDRAULIC OIL,"19,00"
Puerto la Cruz,Cesar Ramirez,46125,"TRANSPORTE KAPETCO, C.A",73955,Tambor,208,ECO CLASSIC HEAVY DUTY DIESEL MULTIGRADE MOTOR OIL API CI-4 SAE 15W40,"624,00"
Puerto la Cruz,Cesar Ramirez,46125,"TRANSPORTE KAPETCO, C.A",73955,Tambor,208,ECO PLUS MONOGRADE MOTOR OIL API CF SAE 50 TBN 10,"416,00"
Puerto la Cruz,Cesar Ramirez,46125,"TRANSPORTE KAPETCO, C.A",73955,Tambor,208,ECO DYN PREMIUM HYDRAULIC OIL AW 32,"208,00"
Puerto la Cruz,Cesar Ramirez,46125,"TRANSPORTE KAPETCO, C.A",73955,Tambor,208,ECO DYN PREMIUM HYDRAULIC OIL AW 46,"208,00"
Puerto la Cruz,Cesar Ramirez,46125,"TRANSPORTE KAPETCO, C.A",73955,Tambor,208,ECO DYN PREMIUM HYDRAULIC OIL AW 68,"416,00"
Puerto la Cruz,Cesar Ramirez,46125,"TRANSPORTE KAPETCO, C.A",73955,Tambor,208,BIO MATIC AUTOMATIC TRANSMISSION FLUID DEXRON III H,"208,00"
Puerto la Cruz,Cesar Ramirez,46125,"TRANSPORTE KAPETCO, C.A",73955,Tambor,208,ECO GREASE COMPLEX HT-EP,"624,00"
Puerto la Cruz,Cesar Ramirez,46125,"TRANSPORTE KAPETCO, C.A",73955,Tambor,208,CAR MINE COOLANT FLUID - 50/50,"208,00"
Puerto la Cruz,Abel Briceño,80068,EVERGREEN SERVICE C.A.,38408,Paila,19,ECO CLASSIC SYNTHETIC BLEND MULTIGRADE MOTOR OIL API SN/SL SAE 15W40,"190,00"
Puerto la Cruz,Abel Briceño,80068,EVERGREEN SERVICE C.A.,38408,Paila,19,ECO CLASSIC SYNTHETIC BLEND MULTIGRADE API SP/SN SAE 20W-50,"380,00"
Puerto la Cruz,Abel Briceño,80068,EVERGREEN SERVICE C.A.,38408,Paila,19,ECO DYN PREMIUM HYDRAULIC OIL AW 68,"38,00"
Puerto la Cruz,Abel Briceño,80068,GASOR C.A.,70026,Paila,19,ECO CLASSIC HEAVY DUTY DIESEL MULTIGRADE MOTOR OIL API CI-4 SAE 15W40,"190,00"
Puerto la Cruz,Abel Briceño,80068,"ZADO SERVICES, C.A.",38909,Paila,19,ECO PLUS MONOGRADE MOTOR OIL API CF SAE 50 TBN 10,"209,00"
Puerto la Cruz,Abel Briceño,80068,"ZADO SERVICES, C.A.",38909,Paila,19,ECO DYN PREMIUM HYDRAULIC OIL AW 68,"304,00"
Puerto la Cruz,Abel Briceño,80068,"COTRAS, C.A",55728,Paila,19,ECO DYN PREMIUM HYDRAULIC OIL AW 68,"38,00"
Puerto la Cruz,Abel Briceño,80068,"COTRAS, C.A",55728,Paila,19,ECO GREASE COMPLEX HT-EP,"38,00"
Puerto la Cruz,Abel Briceño,80068,"COTRAS, C.A",55728,Tambor,208,ECO PLUS MONOGRADE MOTOR OIL API CF SAE 50 TBN 10,"416,00"
Puerto la Cruz,Abel Briceño,80068,CONSTRUCCIONES CIPRIANI S.A,1742,Paila,19,ECO CLASSIC HEAVY DUTY DIESEL MULTIGRADE MOTOR OIL API CI-4 SAE 15W40,"38,00"
Puerto la Cruz,Abel Briceño,80068,"PEDECA ORIENTE, C.A.",74891,Tambor,208,ECO PLUS MONOGRADE MOTOR OIL API CF SAE 50 TBN 10,"2.080,00"
Puerto la Cruz,Abel Briceño,80068,"PEDECA ORIENTE, C.A.",74891,Tambor,208,ECO DYN PREMIUM HYDRAULIC OIL AW 68,"2.080,00"
Puerto la Cruz,Abel Briceño,80068,"PEDECA ORIENTE, C.A.",74891,Tambor,208,ADDENDUM MULTIGRADE GEAR OIL API GL-5  SAE 80W90,"208,00"
Puerto la Cruz,Abel Briceño,80068,"PEDECA ORIENTE, C.A.",74891,Tambor,208,ADDENDUM MULTIGRADE GEAR OIL API GL-5 SAE 85W140,"208,00"
Puerto la Cruz,Abel Briceño,80068,"PEDECA ORIENTE, C.A.",74891,Tambor,208,CAR MINE  HEAVY DUTY COOLANT,"832,00"
Puerto la Cruz,Abel Briceño,80068,"NAVIERA STAR DEL CARIBE, C.A",59637,Bidon,"20,000",CAR MINE COOLANT FLUID - 50/50,"20,00"
Puerto la Cruz,Abel Briceño,80068,"NAVIERA STAR DEL CARIBE, C.A",59637,Tambor,208,ECO PLUS MONOGRADE MOTOR OIL API CF SAE 50 TBN 10,"832,00"
Puerto la Cruz,Abel Briceño,80068,"NAVIERA STAR DEL CARIBE, C.A",59637,Tambor,208,ECO DYN PREMIUM HYDRAULIC OIL AW 68,"416,00"
Puerto la Cruz,Abel Briceño,80068,"COCA-COLA FEMSA DE VENEZUELA, S.A",33964,3x1,"11,355",ECO CLASSIC SYNTHETIC BLEND MULTIGRADE MOTOR OIL API SN/SL SAE 15W40,"68,00"
Puerto la Cruz,Abel Briceño,80068,"COCA-COLA FEMSA DE VENEZUELA, S.A",33964,3x1,"11,355",BIO MATIC AUTOMATIC TRANSMISSION FLUID DEXRON III H,"148,00"
Puerto la Cruz,Abel Briceño,80068,"COCA-COLA FEMSA DE VENEZUELA, S.A",33964,3x1,"11,355",CAR MINE BRAKE FLUID -DOT 3,"11,00"
Puerto la Cruz,Abel Briceño,80068,"COCA-COLA FEMSA DE VENEZUELA, S.A",33964,Bidon,"20,000",CAR MINE COOLANT FLUID - 50/50,"20,00"
Puerto la Cruz,Abel Briceño,80068,"COCA-COLA FEMSA DE VENEZUELA, S.A",33964,Paila,19,ECO DYN PREMIUM HYDRAULIC OIL AW 68,"608,00"
Puerto la Cruz,Abel Briceño,80068,"COCA-COLA FEMSA DE VENEZUELA, S.A",33964,Paila,19,ADDENDUM MULTIGRADE GEAR OIL API GL-5  SAE 80W90,"19,00"
Puerto la Cruz,Abel Briceño,80068,"COCA-COLA FEMSA DE VENEZUELA, S.A",33964,Paila,19,ECO GREASE COMPLEX HT-EP,"19,00"
Puerto la Cruz,Abel Briceño,80068,"COCA-COLA FEMSA DE VENEZUELA, S.A",33964,Tambor,208,ECO CLASSIC HEAVY DUTY DIESEL MULTIGRADE MOTOR OIL API CI-4 SAE 15W40,"832,00"
Puerto la Cruz,Abel Briceño,80068,"SERVICIOS PICARDI, C.A",29068,Paila,19,ECO CLASSIC SYNTHETIC BLEND MULTIGRADE API SP/SN SAE 20W-50,"190,00"
Puerto la Cruz,Abel Briceño,80068,"SERVICIOS PICARDI, C.A",29068,Paila,19,ECO PLUS MONOGRADE MOTOR OIL API CF SAE 50 TBN 10,"190,00"
Puerto la Cruz,Abel Briceño,80068,"TIGASCO GAS LICUADO, C.A",63407,Paila,19,ECO PLUS MONOGRADE MOTOR OIL API CF SAE 50 TBN 10,"38,00"
Valencia,Lucia Torres,78077,CLOVER INTERNACIONAL. C.A,37488,Tambor,208,ECO CLASSIC SYNTHETIC BLEND MULTIGRADE API SP/SN SAE 20W-50,"416,00"
Valencia,Lucia Torres,78077,CLOVER INTERNACIONAL. C.A,37488,Tambor,208,ECO CLASSIC HEAVY DUTY DIESEL MULTIGRADE MOTOR OIL API CI-4 SAE 15W40,"416,00"
Valencia,Lucia Torres,78077,"ALPLA DE VENEZUELA, S.A.",73305,Paila,19,ECO DYN PREMIUM HYDRAULIC OIL AW 68,"57,00"
Valencia,Lucia Torres,78077,"INTERAMERICANA DE CABLES VENEZUELA,S.A.",37870,Paila,19,ECO CLASSIC SYNTHETIC BLEND MULTIGRADE MOTOR OIL API SN/SL SAE 15W40,"1.083,00"
Valencia,Lucia Torres,78077,"INTERAMERICANA DE CABLES VENEZUELA,S.A.",37870,Tambor,208,ECO DYN PREMIUM HYDRAULIC OIL AW 68,"208,00"
Valencia,Lucia Torres,78077,"INTERAMERICANA DE CABLES VENEZUELA,S.A.",37870,Tambor,208,ECO DYN PREMIUM TURBINE OIL HT ISO 46,"208,00"
Valencia,Lucia Torres,78077,"AMCOR RIGID PACKAGING DE VENEZUELA, S.A.",79138,Tambor,208,ECO CLASSIC HEAVY DUTY DIESEL MULTIGRADE MOTOR OIL API CI-4 SAE 15W40,"208,00"
Valencia,Lucia Torres,78077,LP LIDER POLLO C.A.,59584,Tambor,208,ECO CLASSIC SYNTHETIC BLEND MULTIGRADE MOTOR OIL API SN/SL SAE 15W40,"208,00"
Valencia,Lucia Torres,78077,LP LIDER POLLO C.A.,59584,Tambor,208,ECO CLASSIC SYNTHETIC BLEND MULTIGRADE API SP/SN SAE 20W-50,"208,00"
Valencia,Lucia Torres,78077,LP LIDER POLLO C.A.,59584,Tambor,208,ECO DYN PREMIUM HYDRAULIC OIL AW 68,"208,00"
Valencia,Lucia Torres,78077,"VENELUX,C.A.",64998,Paila,19,ECO CLASSIC SYNTHETIC BLEND MULTIGRADE MOTOR OIL API SN/SL SAE 15W40,"57,00"
Valencia,Lucia Torres,78077,DAYCOHOST,,Paila,19,ECO CLASSIC SYNTHETIC BLEND MULTIGRADE MOTOR OIL API SN/SL SAE 15W40,"38,00"
Valencia,Lucia Torres,78077,DAYCOHOST,,Tambor,208,ECO CLASSIC HEAVY DUTY DIESEL MULTIGRADE MOTOR OIL API CI-4 SAE 15W40,"624,00"
Valencia,Lucia Torres,78077,C.A CERVECERIA REGIONAL,78388,Paila,19,ECO DYN PREMIUM HYDRAULIC OIL AW 68,"57,00"
Valencia,Lucia Torres,78077,Andinon,PNEUS,Paila,19,ADDENDUM MULTIGRADE GEAR OIL API GL-5 SAE 85W140,"57,00"
Valencia,Lucia Torres,78077,Andinon,PNEUS,Paila,19,ECO GREASE COMPLEX HT-EP,"19,00"
Valencia,Lucia Torres,78077,Andinon,PNEUS,Tambor,208,ECO DYN INDUSTRIAL GEAR OIL EP 220,"208,00"
Valencia,Lucia Torres,78077,"COCA-COLA FEMSA DE VENEZUELA, S.A",73304,Tambor,208,ECO CLASSIC HEAVY DUTY DIESEL MULTIGRADE MOTOR OIL API CI-4 SAE 15W40,"416,00"
Valencia,Lucia Torres,78077,"COCA-COLA FEMSA DE VENEZUELA, S.A",73304,Tambor,208,ECO DYN PREMIUM HYDRAULIC OIL AW 32,"208,00"
Valencia,Lucia Torres,78077,"COCA-COLA FEMSA DE VENEZUELA, S.A",73304,Tambor,208,ECO DYN PREMIUM HYDRAULIC OIL AW 68,"208,00"
Valencia,Lucia Torres,78077,"COCA-COLA FEMSA DE VENEZUELA, S.A",73304,Tambor,208,ECO DYN INDUSTRIAL GEAR OIL EP 220,"208,00"
Valencia,Henry Urdaneta,45497,A A MATERIALES DE CONSTRUCCION,24232,Paila,19,ADDENDUM MULTIGRADE GEAR OIL API GL-5  SAE 80W90,"57,00"
Valencia,Henry Urdaneta,45497,A A MATERIALES DE CONSTRUCCION,24232,Paila,19,ECO GREASE COMPLEX HT-EP 5% BIMOLI,"38,00"
Valencia,Henry Urdaneta,45497,A A MATERIALES DE CONSTRUCCION,24232,Tambor,208,ECO CLASSIC HEAVY DUTY DIESEL MULTIGRADE MOTOR OIL API CI-4 SAE 15W40,"1.040,00"
Valencia,Henry Urdaneta,45497,A A MATERIALES DE CONSTRUCCION,24232,Tambor,208,ECO PLUS MONOGRADE MOTOR OIL API CF SAE 50 TBN 10,"624,00"
Valencia,Henry Urdaneta,45497,A A MATERIALES DE CONSTRUCCION,24232,Tambor,208,ECO DYN PREMIUM HYDRAULIC OIL AW 68,"624,00"
Valencia,Henry Urdaneta,45497,A A MATERIALES DE CONSTRUCCION,24232,Tambor,208,BIO MATIC CATERPILLAR TO-4 50,"416,00"
Valencia,Henry Urdaneta,45497,"INGEDAC INGENIERIA DAC, C.A",66773,Tambor,208,ECO CLASSIC HEAVY DUTY DIESEL MULTIGRADE MOTOR OIL API CI-4 SAE 15W40,"1.040,00"
Valencia,Henry Urdaneta,45497,"INGEDAC INGENIERIA DAC, C.A",66773,Tambor,208,BIO MATIC CATERPILLAR TO-4 50,"832,00"
Valencia,Henry Urdaneta,45497,"INGEDAC INGENIERIA DAC, C.A",66773,Tambor,208,ADDENDUM MULTIGRADE GEAR OIL API GL-5  SAE 80W90,"208,00"
Valencia,Henry Urdaneta,45497,"INGEDAC INGENIERIA DAC, C.A",66773,Tambor,208,ECO GREASE COMPLEX HT-EP 5% BIMOLI,"208,00"
Valencia,Henry Urdaneta,45497,"INGEDAC INGENIERIA DAC, C.A",66773,Tambor,208,CAR MINE  HEAVY DUTY COOLANT,"208,00"
Valencia,Henry Urdaneta,45497,ARENAS DEL CENTRO C.A.,33814,Tambor,208,ECO CLASSIC SYNTHETIC BLEND MULTIGRADE MOTOR OIL API SN/SL SAE 15W40,"624,00"
Valencia,Henry Urdaneta,45497,ARENAS DEL CENTRO C.A.,33814,Tambor,208,ECO CLASSIC HEAVY DUTY DIESEL MULTIGRADE MOTOR OIL API CI-4 SAE 15W40,"1.040,00"
Valencia,Henry Urdaneta,45497,ARENAS DEL CENTRO C.A.,33814,Tambor,208,ECO PLUS MONOGRADE MOTOR OIL API CF SAE 50 TBN 10,"1.040,00"
Valencia,Henry Urdaneta,45497,ARENAS DEL CENTRO C.A.,33814,Tambor,208,ECO DYN PREMIUM HYDRAULIC OIL AW 68,"208,00"
Valencia,Henry Urdaneta,45497,ARENAS DEL CENTRO C.A.,33814,Tambor,208,ADDENDUM MULTIGRADE GEAR OIL API GL-5  SAE 80W90,"208,00"
Valencia,Henry Urdaneta,45497,FERRO ALUMINIO C.A. (FERRALCA),34577,3x1,"11,355",ECO CLASSIC SYNTHETIC BLEND MULTIGRADE MOTOR OIL API SN/SL SAE 15W40,"57,00"
Valencia,Henry Urdaneta,45497,FERRO ALUMINIO C.A. (FERRALCA),34577,Tambor,208,ECO CLASSIC HEAVY DUTY DIESEL MULTIGRADE MOTOR OIL API CI-4 SAE 15W40,"208,00"
Valencia,Henry Urdaneta,45497,FERRO ALUMINIO C.A. (FERRALCA),34577,Tambor,208,ECO DYN PREMIUM HYDRAULIC OIL AW 68,"208,00"
Valencia,Henry Urdaneta,45497,FERRO ALUMINIO C.A. (FERRALCA),34577,Tambor,208,BIO MATIC CATERPILLAR TO-4 50,"208,00"
Valencia,Henry Urdaneta,45497,"TRIPOLIVEN, C.A.",3075,Paila,19,ECO CLASSIC SYNTHETIC BLEND MULTIGRADE MOTOR OIL API SN/SL SAE 15W40,"57,00"
Valencia,Henry Urdaneta,45497,"TRIPOLIVEN, C.A.",3075,Paila,19,ECO CLASSIC SYNTHETIC BLEND MULTIGRADE API SP/SN SAE 20W-50,"57,00"
Valencia,Henry Urdaneta,45497,"TRIPOLIVEN, C.A.",3075,Paila,19,ADDENDUM MULTIGRADE GEAR OIL API GL-5  SAE 80W90,"19,00"
Valencia,Henry Urdaneta,45497,"TRIPOLIVEN, C.A.",3075,Tambor,208,ECO CLASSIC HEAVY DUTY DIESEL MULTIGRADE MOTOR OIL API CI-4 SAE 15W40,"208,00"
Valencia,Henry Urdaneta,45497,"TRIPOLIVEN, C.A.",3075,Tambor,208,ECO DYN PREMIUM HYDRAULIC OIL AW 68,"208,00"
Maracaibo,Jose Urdaneta,45497,"ALIMENTOS POLAR COMERCIAL, C.A",56490,3x1,"11,355",ECO CLASSIC SYNTHETIC BLEND MULTIGRADE MOTOR OIL API SN/SL SAE 15W40,"45,00"
Maracaibo,Jose Urdaneta,45497,"BITUPLAST, C.A",51937,Tambor,208,ECO CLASSIC HEAVY DUTY DIESEL MULTIGRADE MOTOR OIL API CI-4 SAE 15W40,"208,00"
Maracaibo,Jose Urdaneta,45497,"MIMESA ALIMENTOS, C.A.",79505,3x1,"11,355",ECO CLASSIC SYNTHETIC BLEND MULTIGRADE MOTOR OIL API SN/SL SAE 15W40,"11,00"
Maracaibo,Jose Urdaneta,45497,CERVECERIA POLAR C.A,49985,3x1,"11,355",ECO CLASSIC HEAVY DUTY DIESEL MULTIGRADE MOTOR OIL API CI-4 SAE 15W40,"91,00"
Maracaibo,Jose Urdaneta,45497,PEPSI-COLA VENEZUELA C.A,29992,3x1,"11,355",ECO CLASSIC HEAVY DUTY DIESEL MULTIGRADE MOTOR OIL API CI-4 SAE 15W40,"91,00"
Maracaibo,Jose Urdaneta,45497,"MEGA 72, C.A.",92950,Paila,19,ECO CLASSIC HEAVY DUTY DIESEL MULTIGRADE MOTOR OIL API CI-4 SAE 15W40,"38,00"
Maracaibo,Jose Urdaneta,45497,"PRODUCTORA DE SAL, C.A.",17094,Paila,19,ECO CLASSIC HEAVY DUTY DIESEL MULTIGRADE MOTOR OIL API CI-4 SAE 15W40,"190,00"
Maracaibo,Jose Urdaneta,45497,"PRODUCTORA DE SAL, C.A.",17094,Paila,19,ECO PLUS MONOGRADE MOTOR OIL API CF SAE 50 TBN 10,"190,00"
Maracaibo,Jose Urdaneta,45497,"PRODUCTORA DE SAL, C.A.",17094,Paila,19,ECO DYN PREMIUM HYDRAULIC OIL AW 68,"190,00"
Maracaibo,Jose Urdaneta,45497,"PRODUCTORA DE SAL, C.A.",17094,Tambor,208,ECO DYN INDUSTRIAL GEAR OIL EP 220,"208,00"
Maracaibo,Jose Urdaneta,45497,"PRODUCTORA DE SAL, C.A.",17094,Tambor,208,ECO DYN INDUSTRIAL GEAR OIL EP 320,"208,00"
Maracaibo,Jose Urdaneta,45497,"TRANS CARGO DE VENEZUELA, C.A.",64107,3x1,"11,355",CAR MINE BRAKE FLUID -DOT 3,"11,00"
Maracaibo,Jose Urdaneta,45497,"TRANS CARGO DE VENEZUELA, C.A.",64107,Bidon,"20,000",CAR MINE  HEAVY DUTY COOLANT,"120,00"
Maracaibo,Jose Urdaneta,45497,"TRANS CARGO DE VENEZUELA, C.A.",64107,Paila,19,ECO CLASSIC HEAVY DUTY DIESEL MULTIGRADE MOTOR OIL API CI-4 SAE 15W40,"76,00"
Maracaibo,Jose Urdaneta,45497,"TRANS CARGO DE VENEZUELA, C.A.",64107,Paila,19,ECO DYN PREMIUM HYDRAULIC OIL AW 68,"19,00"
Maracaibo,Jose Urdaneta,45497,"TRANS CARGO DE VENEZUELA, C.A.",64107,Paila,19,ADDENDUM MULTIGRADE GEAR OIL API GL-5  SAE 80W90,"76,00"
Maracaibo,Jose Urdaneta,45497,"TRANS CARGO DE VENEZUELA, C.A.",64107,Paila,19,ADDENDUM MULTIGRADE GEAR OIL API GL-5 SAE 85W140,"76,00"
Maracaibo,Jose Urdaneta,45497,"REDVITAL COMERCIALIZADORA, C.A.",77147,Paila,19,ECO CLASSIC HEAVY DUTY DIESEL MULTIGRADE MOTOR OIL API CI-4 SAE 15W40,"133,00"
Maracaibo,Jose Urdaneta,45497,"CREA DESARROLLOS,SOCIEDAD ANONIMA",51853,Paila,19,ECO CLASSIC HEAVY DUTY DIESEL MULTIGRADE MOTOR OIL API CI-4 SAE 15W40,"114,00"
Maracaibo,Jose Urdaneta,45497,"CONGELADOS Y FRESCOS MARINOS, C.A",76939,3x1,"11,355",ECO CLASSIC SYNTHETIC BLEND MULTIGRADE MOTOR OIL API SN/SL SAE 15W40,"23,00"
Maracaibo,Jose Urdaneta,45497,"CONGELADOS Y FRESCOS MARINOS, C.A",76939,Tambor,208,ECO CLASSIC HEAVY DUTY DIESEL MULTIGRADE MOTOR OIL API CI-4 SAE 15W40,"7.072,00"
Maracaibo,Jose Urdaneta,45497,"CONGELADOS Y FRESCOS MARINOS, C.A",76939,Tambor,208,ECO PLUS MONOGRADE MOTOR OIL API CF SAE 50 TBN 10,"2.496,00"
Maracaibo,Jose Urdaneta,45497,"CONGELADOS Y FRESCOS MARINOS, C.A",76939,Tambor,208,ECO DYN PREMIUM HYDRAULIC OIL AW 68,"208,00"
Maracaibo,Elsio Romero,93031,"SERVICIOS Y CONSTRUCTORA ALIADAS, C.A",78788,3x1,"11,355",ECO CLASSIC SYNTHETIC BLEND MULTIGRADE MOTOR OIL API SN/SL SAE 15W40,"57,00"
Maracaibo,Elsio Romero,93031,"SERVICIOS Y CONSTRUCTORA ALIADAS, C.A",78788,3x1,"11,355",ECO CLASSIC SYNTHETIC BLEND MULTIGRADE API SP/SN SAE 20W-50,"57,00"
Maracaibo,Elsio Romero,93031,"SERVICIOS Y CONSTRUCTORA ALIADAS, C.A",78788,3x1,"11,355",BIO MATIC AUTOMATIC TRANSMISSION FLUID DEXRON III H,"57,00"
Maracaibo,Elsio Romero,93031,"SERVICIOS Y CONSTRUCTORA ALIADAS, C.A",78788,Paila,19,ECO GREASE COMPLEX HT-EP,"19,00"
Maracaibo,Elsio Romero,93031,"SERVICIOS Y CONSTRUCTORA ALIADAS, C.A",78788,Tambor,208,ECO CLASSIC HEAVY DUTY DIESEL MULTIGRADE MOTOR OIL API CI-4 SAE 15W40,"1.248,00"
Maracaibo,Elsio Romero,93031,"SERVICIOS Y CONSTRUCTORA ALIADAS, C.A",78788,Tambor,208,ECO PLUS MONOGRADE MOTOR OIL API CF SAE 50 TBN 10,"1.040,00"
Maracaibo,Elsio Romero,93031,"SERVICIOS Y CONSTRUCTORA ALIADAS, C.A",78788,Tambor,208,ADDENDUM MULTIGRADE GEAR OIL API GL-5  SAE 80W90,"416,00"
Maracaibo,Elsio Romero,93031,"SERVICIOS Y CONSTRUCTORA ALIADAS, C.A",78788,Tambor,208,ADDENDUM MULTIGRADE GEAR OIL API GL-5 SAE 85W140,"624,00"
Maracaibo,Elsio Romero,93031,"AGROPECUARIA NIVAR, C.A.",20872,Bidon,"20,000",CAR MINE  HEAVY DUTY COOLANT,"120,00"
Maracaibo,Elsio Romero,93031,"AGROPECUARIA NIVAR, C.A.",20872,Paila,19,ADDENDUM MULTIGRADE GEAR OIL API GL-5  SAE 80W90,"38,00"
Maracaibo,Elsio Romero,93031,"AGROPECUARIA NIVAR, C.A.",20872,Paila,19,ADDENDUM MULTIGRADE GEAR OIL API GL-5 SAE 85W140,"38,00"
Maracaibo,Elsio Romero,93031,"AGROPECUARIA NIVAR, C.A.",20872,Paila,19,ECO GREASE COMPLEX HT-EP,"38,00"
Maracaibo,Elsio Romero,93031,"AGROPECUARIA NIVAR, C.A.",20872,Tambor,208,ECO CLASSIC SYNTHETIC BLEND MULTIGRADE API SP/SN SAE 20W-50,"208,00"
Maracaibo,Elsio Romero,93031,"AGROPECUARIA NIVAR, C.A.",20872,Tambor,208,ECO CLASSIC HEAVY DUTY DIESEL MULTIGRADE MOTOR OIL API CI-4 SAE 15W40,"416,00"
Maracaibo,Elsio Romero,93031,"AGROPECUARIA NIVAR, C.A.",20872,Tambor,208,ECO PLUS MONOGRADE MOTOR OIL API CF SAE 50 TBN 10,"416,00"
Maracaibo,Elsio Romero,93031,"AGROPECUARIA NIVAR, C.A.",20872,Tambor,208,ECO DYN PREMIUM HYDRAULIC OIL AW 68,"208,00"
Maracaibo,Elsio Romero,93031,"AVICOLA LA ROSITA, S.A (AVIROSA)",30308,Tambor,208,ECO CLASSIC HEAVY DUTY DIESEL MULTIGRADE MOTOR OIL API CI-4 SAE 15W40,"416,00"
Maracaibo,Elsio Romero,93031,"AVICOLA LA ROSITA, S.A (AVIROSA)",30308,Tambor,208,ECO PLUS MONOGRADE MOTOR OIL API CF SAE 50 TBN 10,"1.664,00"
Maracaibo,Elsio Romero,93031,CARBONERA DE NEGOCIOS VENEZOLANOS C.A.,38565,Tambor,208,ECO CLASSIC HEAVY DUTY DIESEL MULTIGRADE MOTOR OIL API CI-4 SAE 15W40,"208,00"
Maracaibo,Elsio Romero,93031,CARBONERA DE NEGOCIOS VENEZOLANOS C.A.,38565,Tambor,208,ECO PLUS MONOGRADE MOTOR OIL API CF SAE 50 TBN 10,"416,00"
Maracaibo,Elsio Romero,93031,CARBONERA DE NEGOCIOS VENEZOLANOS C.A.,38565,Tambor,208,ADDENDUM MULTIGRADE GEAR OIL API GL-5  SAE 80W90,"208,00"
Maracaibo,Elsio Romero,93031,CARBONERA DE NEGOCIOS VENEZOLANOS C.A.,38565,Tambor,208,ADDENDUM MULTIGRADE GEAR OIL API GL-5 SAE 85W140,"208,00"
Maracaibo,Elsio Romero,93031,CARBONERA DE NEGOCIOS VENEZOLANOS C.A.,38565,Tambor,208,CAR MINE  HEAVY DUTY COOLANT,"208,00"
Maracaibo,Elsio Romero,93031,"CONSTRUCCIONES Y SERVICIOS A&G, C.A",79039,Paila,19,ECO CLASSIC HEAVY DUTY DIESEL MULTIGRADE MOTOR OIL API CI-4 SAE 15W40,"38,00"
Maracaibo,Elsio Romero,93031,"CONSTRUCCIONES Y SERVICIOS A&G, C.A",79039,Paila,19,ECO PLUS MONOGRADE MOTOR OIL API CF SAE 50 TBN 10,"19,00"
Maracaibo,Elsio Romero,93031,DISTRIBUIDORA Y PROCESADORA DE CARNES CA,78124,3x1,"11,355",ECO CLASSIC SYNTHETIC BLEND MULTIGRADE MOTOR OIL API SN/SL SAE 15W40,"68,00"
Maracaibo,Elsio Romero,93031,DISTRIBUIDORA Y PROCESADORA DE CARNES CA,78124,Tambor,208,ECO CLASSIC HEAVY DUTY DIESEL MULTIGRADE MOTOR OIL API CI-4 SAE 15W40,"416,00"
Maracaibo,Elsio Romero,93031,DISTRIBUIDORA Y PROCESADORA DE CARNES CA,78124,Tambor,208,ECO PLUS MONOGRADE MOTOR OIL API CF SAE 50 TBN 10,"208,00"
Maracaibo,Elsio Romero,93031,"INDUSTRIAS PROCESADORA DEL MAR, C.A",51167,3x1,"11,355",ECO CLASSIC SYNTHETIC BLEND MULTIGRADE API SP/SN SAE 20W-50,"136,00"
Maracaibo,Elsio Romero,93031,"INDUSTRIAS PROCESADORA DEL MAR, C.A",51167,Bidon,"20,000",CAR MINE  HEAVY DUTY COOLANT,"140,00"
Maracaibo,Elsio Romero,93031,"INDUSTRIAS PROCESADORA DEL MAR, C.A",51167,Paila,19,ECO DYN PREMIUM HYDRAULIC OIL AW 68,"342,00"
Maracaibo,Elsio Romero,93031,"INDUSTRIAS PROCESADORA DEL MAR, C.A",51167,Paila,19,ADDENDUM MULTIGRADE GEAR OIL API GL-5 SAE 85W140,"133,00"
Maracaibo,Elsio Romero,93031,"INDUSTRIAS PROCESADORA DEL MAR, C.A",51167,Paila,19,ECO GREASE COMPLEX HT-EP,"57,00"
Maracaibo,Elsio Romero,93031,"INDUSTRIAS PROCESADORA DEL MAR, C.A",51167,Tambor,208,ECO CLASSIC HEAVY DUTY DIESEL MULTIGRADE MOTOR OIL API CI-4 SAE 15W40,"624,00"
Maracaibo,Elsio Romero,93031,"INDUSTRIAS PROCESADORA DEL MAR, C.A",51167,Tambor,208,ECO PLUS MONOGRADE MOTOR OIL API CF SAE 50 TBN 10,"1.040,00"
Maracaibo,Elsio Romero,93031,"INGENIERIA 3030, C.A",76591,Paila,19,ECO GREASE COMPLEX HT-EP,"57,00"
Maracaibo,Elsio Romero,93031,"INGENIERIA 3030, C.A",76591,Tambor,208,ECO CLASSIC HEAVY DUTY DIESEL MULTIGRADE MOTOR OIL API CI-4 SAE 15W40,"624,00"
Maracaibo,Elsio Romero,93031,"INGENIERIA 3030, C.A",76591,Tambor,208,ECO PLUS MONOGRADE MOTOR OIL API CF SAE 50 TBN 10,"416,00"
Maracaibo,Elsio Romero,93031,"INGENIERIA 3030, C.A",76591,Tambor,208,ECO DYN PREMIUM HYDRAULIC OIL AW 68,"416,00"
Maracaibo,Elsio Romero,93031,"INVERSIONES AVICOLAS,C.A.",76475,Tambor,208,ECO CLASSIC HEAVY DUTY DIESEL MULTIGRADE MOTOR OIL API CI-4 SAE 15W40,"624,00"
Maracaibo,Elsio Romero,93031,"INVERSIONES AVICOLAS,C.A.",76475,Tambor,208,ECO PLUS MONOGRADE MOTOR OIL API CF SAE 50 TBN 10,"416,00"
Maracaibo,Elsio Romero,93031,"INVERSIONES AVICOLAS,C.A.",76475,Tambor,208,ECO DYN PREMIUM AW 100 HIDRAULIC OIL,"416,00"
Maracaibo,Elsio Romero,93031,"INVERSIONES AVICOLAS,C.A.",76475,Tambor,208,CAR MINE COOLANT FLUID - 50/50,"832,00"
Maracaibo,Omer Galban,45511,CEMENTOS CATATUMBO C.A.,128,Paila,19,ECO GREASE COMPLEX HT-EP,"57,00"
Maracaibo,Omer Galban,45511,CEMENTOS CATATUMBO C.A.,128,Tambor,208,ECO CLASSIC HEAVY DUTY DIESEL MULTIGRADE MOTOR OIL API CI-4 SAE 15W40,"4.160,00"
Maracaibo,Omer Galban,45511,CEMENTOS CATATUMBO C.A.,128,Tambor,208,ECO PLUS MONOGRADE MOTOR OIL API CF SAE 50 TBN 10,"1.248,00"
Maracaibo,Omer Galban,45511,CEMENTOS CATATUMBO C.A.,128,Tambor,208,ECO DYN PREMIUM HYDRAULIC OIL AW 68,"4.160,00"
Maracaibo,Omer Galban,45511,CEMENTOS CATATUMBO C.A.,128,Tambor,208,ECO DYN INDUSTRIAL GEAR OIL EP 220,"416,00"
Maracaibo,Omer Galban,45511,CEMENTOS CATATUMBO C.A.,128,Tambor,208,ECO DYN INDUSTRIAL GEAR OIL EP 460,"624,00"
Maracaibo,Omer Galban,45511,CEMENTOS CATATUMBO C.A.,128,Tambor,208,ECO DYN INDUSTRIAL GEAR OIL EP 1000,"2.080,00"
Maracaibo,Omer Galban,45511,CEMENTOS CATATUMBO C.A.,128,Tambor,208,BIO MATIC CATERPILLAR TO-4 30,"416,00"
Maracaibo,Omer Galban,45511,CEMENTOS CATATUMBO C.A.,128,Tambor,208,BIO MATIC CATERPILLAR TO-4 50,"832,00"
Maracaibo,Omer Galban,45511,CONSTRUCTORES VENEZOLANOS C A,224,Tambor,208,ECO CLASSIC HEAVY DUTY DIESEL MULTIGRADE MOTOR OIL API CI-4 SAE 15W40,"1.456,00"
Maracaibo,Omer Galban,45511,CONSTRUCTORES VENEZOLANOS C A,224,Tambor,208,ECO PLUS MONOGRADE MOTOR OIL API CF SAE 50 TBN 10,"416,00"
Maracaibo,Omer Galban,45511,CONSTRUCTORES VENEZOLANOS C A,224,Tambor,208,ECO DYN PREMIUM HYDRAULIC OIL AW 68,"832,00"
Maracaibo,Omer Galban,45511,CONSTRUCTORES VENEZOLANOS C A,224,Tambor,208,BIO MATIC AUTOMATIC TRANSMISSION FLUID DEXRON III H,"624,00"
Maracaibo,Omer Galban,45511,CONSTRUCTORES VENEZOLANOS C A,224,Tambor,208,BIO MATIC CATERPILLAR TO-4 30,"208,00"
Maracaibo,Omer Galban,45511,CONSTRUCTORES VENEZOLANOS C A,224,Tambor,208,BIO MATIC CATERPILLAR TO-4 50,"416,00"
Maracaibo,Omer Galban,45511,CONSTRUCTORES VENEZOLANOS C A,224,Tambor,208,ADDENDUM MULTIGRADE GEAR OIL API GL-5  SAE 80W90,"416,00"
Maracaibo,Omer Galban,45511,CONSTRUCTORES VENEZOLANOS C A,224,Tambor,208,ADDENDUM MULTIGRADE GEAR OIL API GL-5 SAE 85W140,"416,00"
Maracaibo,Omer Galban,45511,CONSTRUCTORES VENEZOLANOS C A,224,Tambor,208,CAR MINE COOLANT FLUID - 50/50,"624,00"
Maracaibo,Omer Galban,45511,INVERSIONES MARINAS DEL LAGO C.A,28707,Paila,19,ECO CLASSIC SYNTHETIC BLEND MULTIGRADE API SP/SN SAE 20W-50,"19,00"
Maracaibo,Omer Galban,45511,INVERSIONES MARINAS DEL LAGO C.A,28707,Paila,19,ECO GREASE COMPLEX HT-EP,"190,00"
Maracaibo,Omer Galban,45511,INVERSIONES MARINAS DEL LAGO C.A,28707,Tambor,208,ECO CLASSIC HEAVY DUTY DIESEL MULTIGRADE MOTOR OIL API CI-4 SAE 15W40,"6.240,00"
Maracaibo,Omer Galban,45511,INVERSIONES MARINAS DEL LAGO C.A,28707,Tambor,208,ECO PLUS MONOGRADE MOTOR OIL API CF SAE 50 TBN 10,"2.496,00"
Maracaibo,Omer Galban,45511,INVERSIONES MARINAS DEL LAGO C.A,28707,Tambor,208,ECO DYN PREMIUM HYDRAULIC OIL AW 32,"1.040,00"
Maracaibo,Omer Galban,45511,INVERSIONES MARINAS DEL LAGO C.A,28707,Tambor,208,ECO DYN PREMIUM HYDRAULIC OIL AW 46,"1.040,00"
Maracaibo,Omer Galban,45511,INVERSIONES MARINAS DEL LAGO C.A,28707,Tambor,208,ECO DYN PREMIUM HYDRAULIC OIL AW 68,"3.120,00"
Maracaibo,Omer Galban,45511,INVERSIONES MARINAS DEL LAGO C.A,28707,Tambor,208,ECO DYN INDUSTRIAL GEAR OIL EP 220,"624,00"
Maracaibo,Omer Galban,45511,INVERSIONES MARINAS DEL LAGO C.A,28707,Tambor,208,ECO DYN THERMOLUB 220,"1.248,00"
Maracaibo,Omer Galban,45511,INVERSIONES MARINAS DEL LAGO C.A,28707,Tambor,208,CAR MINE COOLANT FLUID - 50/50,"1.664,00"
Puerto Ordaz,Onesimo Rodriguez,44711,"CONKRETOS, S.A",61462,Bidon,"20,000",CAR MINE  HEAVY DUTY COOLANT,"80,00"
Puerto Ordaz,Onesimo Rodriguez,44711,"CONKRETOS, S.A",61462,Paila,19,ECO CLASSIC HEAVY DUTY DIESEL MULTIGRADE MOTOR OIL API CI-4 SAE 15W40,"1.596,00"
Puerto Ordaz,Onesimo Rodriguez,44711,"INVERSIONES C&G 2006, C.A",42462,Paila,19,ECO CLASSIC HEAVY DUTY DIESEL MULTIGRADE MOTOR OIL API CI-4 SAE 15W40,"855,00"
Puerto Ordaz,Onesimo Rodriguez,44711,MATERIALES GRAN SABANA C.A.,34612,Paila,19,ECO CLASSIC HEAVY DUTY DIESEL MULTIGRADE MOTOR OIL API CI-4 SAE 15W40,"190,00"
Puerto Ordaz,Onesimo Rodriguez,44711,GRACOR Industria y Comercio,79899,Paila,19,ECO CLASSIC HEAVY DUTY DIESEL MULTIGRADE MOTOR OIL API CI-4 SAE 15W40,"380,00"
Puerto Ordaz,Onesimo Rodriguez,44711,GRACOR Industria y Comercio,79899,Tambor,208,ECO CLASSIC HEAVY DUTY DIESEL MULTIGRADE MOTOR OIL API CI-4 SAE 15W40,"2.080,00"
Puerto Ordaz,Onesimo Rodriguez,44711,GRACOR Industria y Comercio,79899,Tambor,208,ECO PLUS MONOGRADE MOTOR OIL API CF SAE 50 TBN 10,"2.080,00"
Puerto Ordaz,Onesimo Rodriguez,44711,"SERVICIOS Y MAQUINARIAS G Y G, C.A.",67470,Paila,19,ECO CLASSIC HEAVY DUTY DIESEL MULTIGRADE MOTOR OIL API CI-4 SAE 15W40,"285,00"
Puerto Ordaz,Onesimo Rodriguez,44711,"SERVICIOS Y MAQUINARIAS G Y G, C.A.",67470,Tambor,208,ECO CLASSIC HEAVY DUTY DIESEL MULTIGRADE MOTOR OIL API CI-4 SAE 15W40,"2.080,00"
Puerto Ordaz,Onesimo Rodriguez,44711,PROYECTOS Y CONSTRUCCIONES P&H C.A.,14322,Paila,19,ECO CLASSIC HEAVY DUTY DIESEL MULTIGRADE MOTOR OIL API CI-4 SAE 15W40,"95,00"
Puerto Ordaz,Onesimo Rodriguez,44711,"MATERIALES CERAMICOS VENEZUELA, C.A",78313,Paila,19,ECO CLASSIC SYNTHETIC BLEND MULTIGRADE API SP/SN SAE 20W-50,"304,00"
Puerto Ordaz,Onesimo Rodriguez,44711,"MATERIALES CERAMICOS VENEZUELA, C.A",78313,Paila,19,ECO CLASSIC HEAVY DUTY DIESEL MULTIGRADE MOTOR OIL API CI-4 SAE 15W40,"19,00"
Puerto Ordaz,Onesimo Rodriguez,44711,"MATERIALES CERAMICOS VENEZUELA, C.A",78313,Paila,19,ECO PLUS MONOGRADE MOTOR OIL API CF SAE 50 TBN 10,"19,00"
Puerto Ordaz,Onesimo Rodriguez,44711,"MATERIALES CERAMICOS VENEZUELA, C.A",78313,Paila,19,ECO DYN PREMIUM HYDRAULIC OIL AW 68,"361,00"
Puerto Ordaz,Onesimo Rodriguez,44711,"MATERIALES CERAMICOS VENEZUELA, C.A",78313,Paila,19,ECO DYN INDUSTRIAL GEAR OIL EP 320,"19,00"
Puerto Ordaz,Onesimo Rodriguez,44711,"MATERIALES CERAMICOS VENEZUELA, C.A",78313,Paila,19,BIO MATIC AUTOMATIC TRANSMISSION FLUID DEXRON III H,"19,00"
Puerto Ordaz,Onesimo Rodriguez,44711,"MATERIALES CERAMICOS VENEZUELA, C.A",78313,Paila,19,ADDENDUM MULTIGRADE GEAR OIL API GL-5  SAE 80W90,"19,00"
Puerto Ordaz,Onesimo Rodriguez,44711,"MATERIALES CERAMICOS VENEZUELA, C.A",78313,Paila,19,ADDENDUM MULTIGRADE GEAR OIL API GL-5 SAE 85W140,"19,00"
Puerto Ordaz,Onesimo Rodriguez,44711,"MATERIALES CERAMICOS VENEZUELA, C.A",78313,Paila,19,ECO GREASE COMPLEX HT-EP,"266,00"
Puerto Ordaz,Onesimo Rodriguez,44711,"MATERIALES CERAMICOS VENEZUELA, C.A",78313,Tambor,208,BIO MATIC CATERPILLAR TO-4 30,"208,00"
Puerto Ordaz,Onesimo Rodriguez,44711,"GRUPO MUNDIAL,C.A.",40105,Tambor,208,ECO PLUS MONOGRADE MOTOR OIL API CF SAE 50 TBN 10,"2.080,00"
Puerto Ordaz,Onesimo Rodriguez,44711,"GRUPO MUNDIAL,C.A.",40105,Tambor,208,ECO DYN PREMIUM HYDRAULIC OIL AW 68,"2.080,00"
Puerto Ordaz,Onesimo Rodriguez,44711,"ORINOCO IRON,SCS",25119,Tambor,208,ECO DYN PREMIUM HYDRAULIC OIL AW 68,"2.080,00"
Puerto Ordaz,Onesimo Rodriguez,44711,"FORESTA BOLIVAR, C.A.",46850,Paila,19,ECO PLUS MONOGRADE MOTOR OIL API CF SAE 50 TBN 10,"190,00"
Puerto Ordaz,Felix Conde,57995,CONSORCIO FERROSUR,79041,3x1,"11,355",ECO CLASSIC SYNTHETIC BLEND MULTIGRADE MOTOR OIL API SN/SL SAE 15W40,"79,00"
Puerto Ordaz,Felix Conde,57995,CONSORCIO FERROSUR,79041,Tambor,208,ECO CLASSIC HEAVY DUTY DIESEL MULTIGRADE MOTOR OIL API CI-4 SAE 15W40,"6.240,00"
Puerto Ordaz,Felix Conde,57995,CONSORCIO FERROSUR,79041,Tambor,208,ECO PLUS MONOGRADE MOTOR OIL API CF SAE 50 TBN 10,"1.872,00"
Puerto Ordaz,Felix Conde,57995,CONSORCIO FERROSUR,79041,Tambor,208,ECO DYN PREMIUM HYDRAULIC OIL AW 68,"4.576,00"
Puerto Ordaz,Felix Conde,57995,CONSORCIO FERROSUR,79041,Tambor,208,BIO MATIC AUTOMATIC TRANSMISSION FLUID DEXRON III H,"832,00"
Puerto Ordaz,Felix Conde,57995,CONSORCIO FERROSUR,79041,Tambor,208,BIO MATIC TO-4 SAE 10W,"2.080,00"
Puerto Ordaz,Felix Conde,57995,CONSORCIO FERROSUR,79041,Tambor,208,BIO MATIC CATERPILLAR TO-4 30,"4.576,00"
Puerto Ordaz,Felix Conde,57995,CONSORCIO FERROSUR,79041,Tambor,208,BIO MATIC CATERPILLAR TO-4 50,"1.872,00"
Puerto Ordaz,Felix Conde,57995,CONSORCIO FERROSUR,79041,Tambor,208,ADDENDUM MULTIGRADE GEAR OIL API GL-5  SAE 80W90,"1.248,00"
Puerto Ordaz,Felix Conde,57995,CONSORCIO FERROSUR,79041,Tambor,208,ADDENDUM MULTIGRADE GEAR OIL API GL-5 SAE 85W140,"1.040,00"
Puerto Ordaz,Felix Conde,57995,CONSORCIO FERROSUR,79041,Tambor,208,ECO GREASE COMPLEX HT-EP 3% BIMOLI,"1.248,00"
Puerto Ordaz,Felix Conde,57995,CONSORCIO FERROSUR,79041,Tambor,208,ECO GREASE COMPLEX HT-EP 5% BIMOLI,"2.288,00"
Puerto Ordaz,Felix Conde,57995,CONSORCIO FERROSUR,79041,Tambor,208,CAR MINE COOLANT FLUID - 50/50,"1.248,00"
Puerto Ordaz,Felix Conde,57995,CONSORCIO FERROSUR,79041,Tambor,208,CAR MINE  HEAVY DUTY COOLANT,"1.664,00"
Puerto Ordaz,Felix Conde,57995,DELL ACQUA C.A,1207,Tambor,208,ECO CLASSIC HEAVY DUTY DIESEL MULTIGRADE MOTOR OIL API CI-4 SAE 15W40,"1.664,00"
Puerto Ordaz,Felix Conde,57995,DELL ACQUA C.A,1207,Tambor,208,ECO PLUS MONOGRADE MOTOR OIL API CF SAE 50 TBN 10,"624,00"
Puerto Ordaz,Felix Conde,57995,DELL ACQUA C.A,1207,Tambor,208,ECO DYN PREMIUM HYDRAULIC OIL AW 68,"2.080,00"
Puerto Ordaz,Felix Conde,57995,DELL ACQUA C.A,1207,Tambor,208,BIO MATIC AUTOMATIC TRANSMISSION FLUID DEXRON III H,"416,00"
Puerto Ordaz,Felix Conde,57995,DELL ACQUA C.A,1207,Tambor,208,BIO MATIC CATERPILLAR TO-4 30,"624,00"
Puerto Ordaz,Felix Conde,57995,DELL ACQUA C.A,1207,Tambor,208,ADDENDUM MULTIGRADE GEAR OIL API GL-5  SAE 80W90,"208,00"
Puerto Ordaz,Felix Conde,57995,DELL ACQUA C.A,1207,Tambor,208,ADDENDUM MULTIGRADE GEAR OIL API GL-5 SAE 85W140,"624,00"
Puerto Ordaz,Felix Conde,57995,DELL ACQUA C.A,1207,Tambor,208,ECO GREASE COMPLEX HT-EP 3% BIMOLI,"208,00"
Puerto Ordaz,Felix Conde,57995,DELL ACQUA C.A,1207,Tambor,208,ECO GREASE COMPLEX HT-EP 5% BIMOLI,"624,00"
Puerto Ordaz,Felix Conde,57995,DELL ACQUA C.A,1207,Tambor,208,CAR MINE COOLANT FLUID - 50/50,"416,00"
Puerto Ordaz,Felix Conde,57995,DELL ACQUA C.A,1207,Tambor,208,CAR MINE  HEAVY DUTY COOLANT,"208,00"
Puerto Ordaz,Felix Conde,57995,"GERENPRO, C.A.",35130,Tambor,208,ECO CLASSIC HEAVY DUTY DIESEL MULTIGRADE MOTOR OIL API CI-4 SAE 15W40,"2.080,00"
Puerto Ordaz,Felix Conde,57995,"GERENPRO, C.A.",35130,Tambor,208,ECO PLUS MONOGRADE MOTOR OIL API CF SAE 50 TBN 10,"208,00"
Puerto Ordaz,Felix Conde,57995,"GERENPRO, C.A.",35130,Tambor,208,ECO DYN PREMIUM HYDRAULIC OIL AW 46,"208,00"
Puerto Ordaz,Felix Conde,57995,"GERENPRO, C.A.",35130,Tambor,208,ECO DYN PREMIUM HYDRAULIC OIL AW 68,"208,00"
Puerto Ordaz,Felix Conde,57995,"GERENPRO, C.A.",35130,Tambor,208,BIO MATIC AUTOMATIC TRANSMISSION FLUID DEXRON III H,"208,00"
Puerto Ordaz,Felix Conde,57995,"GERENPRO, C.A.",35130,Tambor,208,BIO MATIC TO-4 SAE 10W,"1.040,00"
Puerto Ordaz,Felix Conde,57995,"GERENPRO, C.A.",35130,Tambor,208,BIO MATIC CATERPILLAR TO-4 30,"2.080,00"
Puerto Ordaz,Felix Conde,57995,"GERENPRO, C.A.",35130,Tambor,208,BIO MATIC CATERPILLAR TO-4 50,"416,00"
Puerto Ordaz,Felix Conde,57995,"GERENPRO, C.A.",35130,Tambor,208,ADDENDUM MULTIGRADE GEAR OIL API GL-5  SAE 80W90,"416,00"
Puerto Ordaz,Felix Conde,57995,"GERENPRO, C.A.",35130,Tambor,208,ECO GREASE COMPLEX HT-EP 5% BIMOLI,"624,00"
Puerto Ordaz,Felix Conde,57995,"GERENPRO, C.A.",35130,Tambor,208,CAR MINE COOLANT FLUID - 50/50,"416,00"
Puerto Ordaz,Felix Conde,57995,"GERENPRO, C.A.",35130,Tambor,208,CAR MINE  HEAVY DUTY COOLANT,"208,00"
Puerto Ordaz,Felix Conde,57995,VINCCLER C.A.,2840,Tambor,208,ECO CLASSIC HEAVY DUTY DIESEL MULTIGRADE MOTOR OIL API CI-4 SAE 15W40,"2.496,00"
Puerto Ordaz,Felix Conde,57995,VINCCLER C.A.,2840,Tambor,208,ECO PLUS MONOGRADE MOTOR OIL API CF SAE 50 TBN 10,"1.248,00"
Puerto Ordaz,Felix Conde,57995,VINCCLER C.A.,2840,Tambor,208,ECO DYN PREMIUM HYDRAULIC OIL AW 68,"2.496,00"
Puerto Ordaz,Felix Conde,57995,VINCCLER C.A.,2840,Tambor,208,BIO MATIC AUTOMATIC TRANSMISSION FLUID DEXRON III H,"416,00"
Puerto Ordaz,Felix Conde,57995,VINCCLER C.A.,2840,Tambor,208,BIO MATIC TO-4 SAE 10W,"208,00"
Puerto Ordaz,Felix Conde,57995,VINCCLER C.A.,2840,Tambor,208,BIO MATIC CATERPILLAR TO-4 30,"2.496,00"
Puerto Ordaz,Felix Conde,57995,VINCCLER C.A.,2840,Tambor,208,BIO MATIC CATERPILLAR TO-4 50,"832,00"
Puerto Ordaz,Felix Conde,57995,VINCCLER C.A.,2840,Tambor,208,ADDENDUM MULTIGRADE GEAR OIL API GL-5  SAE 80W90,"624,00"
Puerto Ordaz,Felix Conde,57995,VINCCLER C.A.,2840,Tambor,208,ADDENDUM MULTIGRADE GEAR OIL API GL-5 SAE 85W140,"624,00"
Puerto Ordaz,Felix Conde,57995,VINCCLER C.A.,2840,Tambor,208,ECO GREASE COMPLEX HT-EP 5% BIMOLI,"1.040,00"
Puerto Ordaz,Felix Conde,57995,VINCCLER C.A.,2840,Tambor,208,CAR MINE COOLANT FLUID - 50/50,"832,00"
Puerto Ordaz,Felix Conde,57995,VINCCLER C.A.,2840,Tambor,208,CAR MINE  HEAVY DUTY COOLANT,"624,00"
Puerto Ordaz,Felix Conde,57995,"C.V.G VENALUM, C.A.",309,Tambor,208,ECO CLASSIC HEAVY DUTY DIESEL MULTIGRADE MOTOR OIL API CI-4 SAE 15W40,"416,00"
Puerto Ordaz,Felix Conde,57995,"C.V.G VENALUM, C.A.",309,Tambor,208,ECO DYN PREMIUM HYDRAULIC OIL AW 68,"208,00"
Puerto Ordaz,Felix Conde,57995,"C.V.G VENALUM, C.A.",309,Tambor,208,BIO MATIC AUTOMATIC TRANSMISSION FLUID DEXRON III H,"208,00"
Puerto Ordaz,Felix Conde,57995,"C.V.G VENALUM, C.A.",309,Tambor,208,BIO MATIC CATERPILLAR TO-4 30,"208,00"
Puerto Ordaz,Felix Conde,57995,"C.V.G VENALUM, C.A.",309,Tambor,208,ADDENDUM MULTIGRADE GEAR OIL API GL-5  SAE 80W90,"208,00"
Puerto Ordaz,Felix Conde,57995,"C.V.G VENALUM, C.A.",309,Tambor,208,CAR MINE COOLANT FLUID - 50/50,"208,00"
Puerto Ordaz,Felix Conde,57995,"C.V.G VENALUM, C.A.",309,Tambor,208,CAR MINE  HEAVY DUTY COOLANT,"208,00"
Puerto Ordaz,Felix Conde,57995,C.V.G. ALUMINIO DEL CARONI S.A,2988,Tambor,208,ECO CLASSIC HEAVY DUTY DIESEL MULTIGRADE MOTOR OIL API CI-4 SAE 15W40,"416,00"
Puerto Ordaz,Felix Conde,57995,C.V.G. ALUMINIO DEL CARONI S.A,2988,Tambor,208,ECO DYN PREMIUM HYDRAULIC OIL AW 68,"208,00"
Puerto Ordaz,Felix Conde,57995,C.V.G. ALUMINIO DEL CARONI S.A,2988,Tambor,208,BIO MATIC AUTOMATIC TRANSMISSION FLUID DEXRON III H,"208,00"
Puerto Ordaz,Felix Conde,57995,C.V.G. ALUMINIO DEL CARONI S.A,2988,Tambor,208,BIO MATIC TO-4 SAE 10W,"208,00"
Puerto Ordaz,Felix Conde,57995,C.V.G. ALUMINIO DEL CARONI S.A,2988,Tambor,208,BIO MATIC CATERPILLAR TO-4 50,"208,00"
Puerto Ordaz,Felix Conde,57995,C.V.G. ALUMINIO DEL CARONI S.A,2988,Tambor,208,ADDENDUM MULTIGRADE GEAR OIL API GL-5  SAE 80W90,"208,00"
Puerto Ordaz,Felix Conde,57995,C.V.G. ALUMINIO DEL CARONI S.A,2988,Tambor,208,ECO GREASE COMPLEX HT-EP 3% BIMOLI,"208,00"
Puerto Ordaz,Felix Conde,57995,C.V.G. ALUMINIO DEL CARONI S.A,2988,Tambor,208,CAR MINE COOLANT FLUID - 50/50,"208,00"
Puerto Ordaz,Felix Conde,57995,C.V.G. ALUMINIO DEL CARONI S.A,2988,Tambor,208,CAR MINE  HEAVY DUTY COOLANT,"208,00"
Puerto Ordaz,Felix Conde,57995,"C.V.G. CARBONES DEL ORINOCO,C.A.",3174,Tambor,208,ECO CLASSIC HEAVY DUTY DIESEL MULTIGRADE MOTOR OIL API CI-4 SAE 15W40,"624,00"
Puerto Ordaz,Felix Conde,57995,"C.V.G. CARBONES DEL ORINOCO,C.A.",3174,Tambor,208,ECO DYN PREMIUM HYDRAULIC OIL AW 68,"208,00"
Puerto Ordaz,Felix Conde,57995,"C.V.G. CARBONES DEL ORINOCO,C.A.",3174,Tambor,208,BIO MATIC AUTOMATIC TRANSMISSION FLUID DEXRON III H,"208,00"
Puerto Ordaz,Felix Conde,57995,"C.V.G. CARBONES DEL ORINOCO,C.A.",3174,Tambor,208,BIO MATIC TO-4 SAE 10W,"208,00"
Puerto Ordaz,Felix Conde,57995,"C.V.G. CARBONES DEL ORINOCO,C.A.",3174,Tambor,208,BIO MATIC CATERPILLAR TO-4 30,"208,00"
Puerto Ordaz,Felix Conde,57995,"C.V.G. CARBONES DEL ORINOCO,C.A.",3174,Tambor,208,BIO MATIC CATERPILLAR TO-4 50,"208,00"
Puerto Ordaz,Felix Conde,57995,"C.V.G. CARBONES DEL ORINOCO,C.A.",3174,Tambor,208,ADDENDUM MULTIGRADE GEAR OIL API GL-5  SAE 80W90,"208,00"
Puerto Ordaz,Felix Conde,57995,"C.V.G. CARBONES DEL ORINOCO,C.A.",3174,Tambor,208,ECO GREASE COMPLEX HT-EP 3% BIMOLI,"208,00"
Puerto Ordaz,Felix Conde,57995,"C.V.G. CARBONES DEL ORINOCO,C.A.",3174,Tambor,208,CAR MINE COOLANT FLUID - 50/50,"208,00"
Puerto Ordaz,Felix Conde,57995,"C.V.G. CARBONES DEL ORINOCO,C.A.",3174,Tambor,208,CAR MINE  HEAVY DUTY COOLANT,"208,00"
Puerto Ordaz,Felix Conde,57995,PEPSI-COLA VENEZUELA C.A,37042,Tambor,208,ECO CLASSIC HEAVY DUTY DIESEL MULTIGRADE MOTOR OIL API CI-4 SAE 15W40,"416,00"
Puerto Ordaz,Felix Conde,57995,PEPSI-COLA VENEZUELA C.A,37042,Tambor,208,CAR MINE COOLANT FLUID - 50/50,"208,00"
Puerto Ordaz,Felix Conde,57995,"L.C. C0NSTRUCCIONES , CA",37402,Tambor,208,ECO CLASSIC HEAVY DUTY DIESEL MULTIGRADE MOTOR OIL API CI-4 SAE 15W40,"416,00"
Puerto Ordaz,Felix Conde,57995,"L.C. C0NSTRUCCIONES , CA",37402,Tambor,208,ECO DYN PREMIUM HYDRAULIC OIL AW 68,"208,00"
Puerto Ordaz,Felix Conde,57995,"L.C. C0NSTRUCCIONES , CA",37402,Tambor,208,BIO MATIC AUTOMATIC TRANSMISSION FLUID DEXRON III H,"208,00"
Puerto Ordaz,Felix Conde,57995,"L.C. C0NSTRUCCIONES , CA",37402,Tambor,208,BIO MATIC TO-4 SAE 10W,"208,00"
Puerto Ordaz,Felix Conde,57995,"L.C. C0NSTRUCCIONES , CA",37402,Tambor,208,BIO MATIC CATERPILLAR TO-4 50,"208,00"
Puerto Ordaz,Felix Conde,57995,"L.C. C0NSTRUCCIONES , CA",37402,Tambor,208,ADDENDUM MULTIGRADE GEAR OIL API GL-5  SAE 80W90,"208,00"
Puerto Ordaz,Felix Conde,57995,"L.C. C0NSTRUCCIONES , CA",37402,Tambor,208,ECO GREASE COMPLEX HT-EP 3% BIMOLI,"208,00"
Puerto Ordaz,Felix Conde,57995,"L.C. C0NSTRUCCIONES , CA",37402,Tambor,208,CAR MINE COOLANT FLUID - 50/50,"208,00"
Puerto Ordaz,Felix Conde,57995,"L.C. C0NSTRUCCIONES , CA",37402,Tambor,208,ECO CLASSIC SYNTHETIC BLEND MULTIGRADE MOTOR OIL API SN/SL SAE 15W40,"208,00"
Puerto Ordaz,Felix Conde,57995,"L.C. C0NSTRUCCIONES , CA",37402,Tambor,208,ECO CLASSIC HEAVY DUTY DIESEL MULTIGRADE MOTOR OIL API CI-4 SAE 15W40,"624,00"
Puerto Ordaz,Felix Conde,57995,"L.C. C0NSTRUCCIONES , CA",37402,Tambor,208,ECO DYN PREMIUM HYDRAULIC OIL AW 68,"208,00"
Puerto Ordaz,Felix Conde,57995,"L.C. C0NSTRUCCIONES , CA",37402,Tambor,208,ADDENDUM MULTIGRADE GEAR OIL API GL-5 SAE 85W140,"208,00"
Puerto Ordaz,Felix Conde,57995,"L.C. C0NSTRUCCIONES , CA",37402,Tambor,208,ECO GREASE COMPLEX HT-EP 3% BIMOLI,"208,00"
Puerto Ordaz,Felix Conde,57995,"L.C. C0NSTRUCCIONES , CA",37402,Tambor,208,CAR MINE COOLANT FLUID - 50/50,"208,00"
Puerto Ordaz,Felix Conde,57995,"L.C. C0NSTRUCCIONES , CA",37402,Bidon,"20,000",CAR MINE  HEAVY DUTY COOLANT,"100,00"
Puerto Ordaz,Felix Conde,57995,"L.C. C0NSTRUCCIONES , CA",37402,Tambor,208,ECO CLASSIC SYNTHETIC BLEND MULTIGRADE MOTOR OIL API SN/SL SAE 15W40,"208,00"
Puerto Ordaz,Felix Conde,57995,"L.C. C0NSTRUCCIONES , CA",37402,Tambor,208,ECO DYN PREMIUM HYDRAULIC OIL AW 68,"208,00"
Puerto Ordaz,Felix Conde,57995,"L.C. C0NSTRUCCIONES , CA",37402,Tambor,208,BIO MATIC AUTOMATIC TRANSMISSION FLUID DEXRON III H,"208,00"
Puerto Ordaz,Felix Conde,57995,"L.C. C0NSTRUCCIONES , CA",37402,Tambor,208,BIO MATIC CATERPILLAR TO-4 30,"208,00"
Puerto Ordaz,Felix Conde,57995,"L.C. C0NSTRUCCIONES , CA",37402,Tambor,208,BIO MATIC CATERPILLAR TO-4 50,"208,00"
Puerto Ordaz,Felix Conde,57995,"L.C. C0NSTRUCCIONES , CA",37402,Tambor,208,ADDENDUM MULTIGRADE GEAR OIL API GL-5 SAE 85W140,"208,00"
Puerto Ordaz,Felix Conde,57995,"L.C. C0NSTRUCCIONES , CA",37402,Tambor,208,ECO GREASE COMPLEX HT-EP,"208,00"
Puerto Ordaz,Felix Conde,57995,"L.C. C0NSTRUCCIONES , CA",37402,Tambor,208,ECO GREASE COMPLEX HT-EP 3% BIMOLI,"208,00"
Puerto Ordaz,Felix Conde,57995,"L.C. C0NSTRUCCIONES , CA",37402,Tambor,208,CAR MINE COOLANT FLUID - 50/50,"208,00"
Puerto Ordaz,Felix Conde,57995,"L.C. C0NSTRUCCIONES , CA",37402,Tambor,208,ECO CLASSIC HEAVY DUTY DIESEL MULTIGRADE MOTOR OIL API CI-4 SAE 15W40,"416,00"
Puerto Ordaz,Felix Conde,57995,"L.C. C0NSTRUCCIONES , CA",37402,Tambor,208,ECO DYN PREMIUM HYDRAULIC OIL AW 68,"416,00"
Puerto Ordaz,Felix Conde,57995,"L.C. C0NSTRUCCIONES , CA",37402,Tambor,208,BIO MATIC AUTOMATIC TRANSMISSION FLUID DEXRON III H,"416,00"
Puerto Ordaz,Felix Conde,57995,"L.C. C0NSTRUCCIONES , CA",37402,Tambor,208,BIO MATIC CATERPILLAR TO-4 30,"416,00"
Puerto Ordaz,Felix Conde,57995,"L.C. C0NSTRUCCIONES , CA",37402,Tambor,208,BIO MATIC CATERPILLAR TO-4 50,"208,00"
Puerto Ordaz,Felix Conde,57995,"L.C. C0NSTRUCCIONES , CA",37402,Tambor,208,ADDENDUM MULTIGRADE GEAR OIL API GL-5  SAE 80W90,"208,00"
Puerto Ordaz,Felix Conde,57995,"L.C. C0NSTRUCCIONES , CA",37402,Tambor,208,ADDENDUM MULTIGRADE GEAR OIL API GL-5 SAE 85W140,"208,00"
Puerto Ordaz,Felix Conde,57995,"L.C. C0NSTRUCCIONES , CA",37402,Tambor,208,ECO GREASE COMPLEX HT-EP 3% BIMOLI,"208,00"
Puerto Ordaz,Felix Conde,57995,"L.C. C0NSTRUCCIONES , CA",37402,Tambor,208,CAR MINE COOLANT FLUID - 50/50,"208,00"
Puerto Ordaz,Carlos Boom,46128,"FIBRANOVA,C.A.",29098,Bidon,"20,000",CAR MINE COOLANT FLUID - 50/50,"100,00"
Puerto Ordaz,Carlos Boom,46128,"FIBRANOVA,C.A.",29098,Paila,19,ECO GREASE COMPLEX HT-EP 3% BIMOLI,"38,00"
Puerto Ordaz,Carlos Boom,46128,"FIBRANOVA,C.A.",29098,Paila,19,ECO GREASE COMPLEX HT-EP 5% BIMOLI,"38,00"
Puerto Ordaz,Carlos Boom,46128,"FIBRANOVA,C.A.",29098,Tambor,208,ECO CLASSIC HEAVY DUTY DIESEL MULTIGRADE MOTOR OIL API CI-4 SAE 15W40,"208,00"
Puerto Ordaz,Carlos Boom,46128,"FIBRANOVA,C.A.",29098,Tambor,208,ECO PLUS MONOGRADE MOTOR OIL API CF SAE 50 TBN 10,"208,00"
Puerto Ordaz,Carlos Boom,46128,"FIBRANOVA,C.A.",29098,Tambor,208,ECO DYN PREMIUM HYDRAULIC OIL AW 68,"1.040,00"
Puerto Ordaz,Carlos Boom,46128,"EMPRESA DE CONSTRUCCION SAN ANTONIO, C.A",60602,Tambor,208,ECO CLASSIC HEAVY DUTY DIESEL MULTIGRADE MOTOR OIL API CI-4 SAE 15W40,"3.120,00"
Puerto Ordaz,Carlos Boom,46128,"EMPRESA DE CONSTRUCCION SAN ANTONIO, C.A",60602,Tambor,208,ECO PLUS MONOGRADE MOTOR OIL API CF SAE 50 TBN 10,"208,00"
Puerto Ordaz,Carlos Boom,46128,"EMPRESA DE CONSTRUCCION SAN ANTONIO, C.A",60602,Tambor,208,ECO DYN PREMIUM HYDRAULIC OIL AW 68,"4.160,00"
Puerto Ordaz,Carlos Boom,46128,"EMPRESA DE CONSTRUCCION SAN ANTONIO, C.A",60602,Tambor,208,BIO MATIC CATERPILLAR TO-4 30,"2.080,00"
Puerto Ordaz,Carlos Boom,46128,"EMPRESA DE CONSTRUCCION SAN ANTONIO, C.A",60602,Tambor,208,BIO MATIC CATERPILLAR TO-4 50,"2.080,00"
Puerto Ordaz,Carlos Boom,46128,"EMPRESA DE CONSTRUCCION SAN ANTONIO, C.A",60602,Tambor,208,ECO GREASE COMPLEX HT-EP 3% BIMOLI,"416,00"
Puerto Ordaz,Carlos Boom,46128,"EMPRESA DE CONSTRUCCION SAN ANTONIO, C.A",60602,Tambor,208,CAR MINE COOLANT FLUID - 50/50,"832,00"
Puerto Ordaz,Carlos Boom,46128,"GOLDTEX DE VENEZUELA, C.A",78466,Bidon,"20,000",CAR MINE COOLANT FLUID - 50/50,"100,00"
Puerto Ordaz,Carlos Boom,46128,"GOLDTEX DE VENEZUELA, C.A",78466,Tambor,208,ECO CLASSIC HEAVY DUTY DIESEL MULTIGRADE MOTOR OIL API CI-4 SAE 15W40,"208,00"
Puerto Ordaz,Carlos Boom,46128,"GOLDTEX DE VENEZUELA, C.A",78466,Tambor,208,ECO PLUS MONOGRADE MOTOR OIL API CF SAE 50 TBN 10,"208,00"
Puerto Ordaz,Carlos Boom,46128,"GOLDTEX DE VENEZUELA, C.A",78466,Tambor,208,ECO DYN PREMIUM HYDRAULIC OIL AW 68,"416,00"
Puerto Ordaz,Carlos Boom,46128,"GOLDTEX DE VENEZUELA, C.A",78466,Tambor,208,BIO MATIC CATERPILLAR TO-4 50,"208,00"
Puerto Ordaz,Carlos Boom,46128,IMGC IRON METALLICS GLOBAL CONSULTANTS C,72313,Paila,19,ECO GREASE COMPLEX HT-EP,"19,00"
Puerto Ordaz,Carlos Boom,46128,IMGC IRON METALLICS GLOBAL CONSULTANTS C,72313,Paila,19,ECO GREASE COMPLEX HT-EP 3% BIMOLI,"19,00"
Puerto Ordaz,Carlos Boom,46128,IMGC IRON METALLICS GLOBAL CONSULTANTS C,72313,Tambor,208,ECO CLASSIC HEAVY DUTY DIESEL MULTIGRADE MOTOR OIL API CI-4 SAE 15W40,"416,00"
Puerto Ordaz,Carlos Boom,46128,IMGC IRON METALLICS GLOBAL CONSULTANTS C,72313,Tambor,208,ECO PLUS MONOGRADE MOTOR OIL API CF SAE 50 TBN 10,"416,00"
Puerto Ordaz,Carlos Boom,46128,IMGC IRON METALLICS GLOBAL CONSULTANTS C,72313,Tambor,208,ECO DYN PREMIUM HYDRAULIC OIL AW 32,"208,00"
Puerto Ordaz,Carlos Boom,46128,IMGC IRON METALLICS GLOBAL CONSULTANTS C,72313,Tambor,208,ECO DYN PREMIUM HYDRAULIC OIL AW 68,"832,00"
Puerto Ordaz,Carlos Boom,46128,IMGC IRON METALLICS GLOBAL CONSULTANTS C,72313,Tambor,208,BIO MATIC CATERPILLAR TO-4 30,"208,00"
Puerto Ordaz,Carlos Boom,46128,IMGC IRON METALLICS GLOBAL CONSULTANTS C,72313,Tambor,208,CAR MINE COOLANT FLUID - 50/50,"208,00"
Puerto Ordaz,Carlos Boom,46128,COMPAÑIA OPERADORA DEL PUERTO DE PALUA,35694,Bidon,"20,000",CAR MINE COOLANT FLUID - 50/50,"40,00"
Puerto Ordaz,Carlos Boom,46128,COMPAÑIA OPERADORA DEL PUERTO DE PALUA,35694,Paila,19,ECO GREASE COMPLEX HT-EP 3% BIMOLI,"19,00"
Puerto Ordaz,Carlos Boom,46128,COMPAÑIA OPERADORA DEL PUERTO DE PALUA,35694,Tambor,208,ECO CLASSIC HEAVY DUTY DIESEL MULTIGRADE MOTOR OIL API CI-4 SAE 15W40,"208,00"
Puerto Ordaz,Carlos Boom,46128,COMPAÑIA OPERADORA DEL PUERTO DE PALUA,35694,Tambor,208,ECO DYN PREMIUM HYDRAULIC OIL AW 68,"208,00"
Puerto Ordaz,Carlos Boom,46128,COMPAÑIA OPERADORA DEL PUERTO DE PALUA,35694,Tambor,208,BIO MATIC CATERPILLAR TO-4 50,"208,00"
Puerto Ordaz,Carlos Boom,46128,PRODUCTOS INDUSTRIALES REPRESENTADOS CA,45655,Paila,19,ECO GREASE COMPLEX HT-EP,"76,00"
Puerto Ordaz,Carlos Boom,46128,PRODUCTOS INDUSTRIALES REPRESENTADOS CA,45655,Tambor,208,ECO CLASSIC HEAVY DUTY DIESEL MULTIGRADE MOTOR OIL API CI-4 SAE 15W40,"832,00"
Puerto Ordaz,Carlos Boom,46128,PRODUCTOS INDUSTRIALES REPRESENTADOS CA,45655,Tambor,208,ECO DYN PREMIUM HYDRAULIC OIL AW 68,"832,00"
Puerto Ordaz,Carlos Boom,46128,TALLER INDUSTRIAL METALURGICO ANTONIO CA,46904,Bidon,"20,000",CAR MINE COOLANT FLUID - 50/50,"20,00"
Puerto Ordaz,Carlos Boom,46128,TALLER INDUSTRIAL METALURGICO ANTONIO CA,46904,Paila,19,ECO GREASE COMPLEX HT-EP,"38,00"
Puerto Ordaz,Carlos Boom,46128,TALLER INDUSTRIAL METALURGICO ANTONIO CA,46904,Tambor,208,ECO CLASSIC HEAVY DUTY DIESEL MULTIGRADE MOTOR OIL API CI-4 SAE 15W40,"208,00"
Puerto Ordaz,Carlos Boom,46128,TALLER INDUSTRIAL METALURGICO ANTONIO CA,46904,Tambor,208,ECO DYN PREMIUM HYDRAULIC OIL AW 68,"208,00"
Puerto Ordaz,Carlos Boom,46128,"AVANTE BUREAU SHIPPING CORPORACION,C.A.",78683,Paila,19,ECO GREASE COMPLEX HT-EP,"57,00"
Puerto Ordaz,Carlos Boom,46128,"AVANTE BUREAU SHIPPING CORPORACION,C.A.",78683,Tambor,208,ECO CLASSIC HEAVY DUTY DIESEL MULTIGRADE MOTOR OIL API CI-4 SAE 15W40,"416,00"
Puerto Ordaz,Carlos Boom,46128,"AVANTE BUREAU SHIPPING CORPORACION,C.A.",78683,Tambor,208,ECO PLUS MONOGRADE MOTOR OIL API CF SAE 50 TBN 10,"832,00"
Puerto Ordaz,Carlos Boom,46128,"AVANTE BUREAU SHIPPING CORPORACION,C.A.",78683,Tambor,208,ECO DYN PREMIUM HYDRAULIC OIL AW 32,"208,00"
Puerto Ordaz,Carlos Boom,46128,"AVANTE BUREAU SHIPPING CORPORACION,C.A.",78683,Tambor,208,ECO DYN PREMIUM HYDRAULIC OIL AW 68,"624,00"
Puerto Ordaz,Carlos Boom,46128,"AVANTE BUREAU SHIPPING CORPORACION,C.A.",78683,Tambor,208,CAR MINE COOLANT FLUID - 50/50,"208,00"
Puerto Ordaz,Carlos Boom,46128,"NAUTILUS SERVICIOS MARITIMOS 2021,C.A.",78051,Paila,19,ECO GREASE COMPLEX HT-EP,"38,00"
Puerto Ordaz,Carlos Boom,46128,"NAUTILUS SERVICIOS MARITIMOS 2021,C.A.",78051,Tambor,208,ECO CLASSIC HEAVY DUTY DIESEL MULTIGRADE MOTOR OIL API CI-4 SAE 15W40,"208,00"
Puerto Ordaz,Carlos Boom,46128,"NAUTILUS SERVICIOS MARITIMOS 2021,C.A.",78051,Tambor,208,ECO PLUS MONOGRADE MOTOR OIL API CF SAE 50 TBN 10,"416,00"
Puerto Ordaz,Carlos Boom,46128,"NAUTILUS SERVICIOS MARITIMOS 2021,C.A.",78051,Tambor,208,ECO DYN PREMIUM HYDRAULIC OIL AW 32,"208,00"
Puerto Ordaz,Carlos Boom,46128,"NAUTILUS SERVICIOS MARITIMOS 2021,C.A.",78051,Tambor,208,ECO DYN PREMIUM HYDRAULIC OIL AW 68,"208,00"
Puerto Ordaz,Carlos Boom,46128,MADERAS DEL ORINOCO C.A.,68192,Paila,19,ECO GREASE COMPLEX HT-EP 5% BIMOLI,"57,00"
Puerto Ordaz,Carlos Boom,46128,MADERAS DEL ORINOCO C.A.,68192,Tambor,208,ECO CLASSIC HEAVY DUTY DIESEL MULTIGRADE MOTOR OIL API CI-4 SAE 15W40,"416,00"
Puerto Ordaz,Carlos Boom,46128,MADERAS DEL ORINOCO C.A.,68192,Tambor,208,ECO PLUS MONOGRADE MOTOR OIL API CF SAE 50 TBN 10,"416,00"
Puerto Ordaz,Carlos Boom,46128,MADERAS DEL ORINOCO C.A.,68192,Tambor,208,ECO DYN PREMIUM HYDRAULIC OIL AW 68,"208,00"
Puerto Ordaz,Carlos Boom,46128,"C.V.G. BAUXILUM,C.A.",312,Paila,19,ECO GREASE COMPLEX HT-EP,"38,00"
Puerto Ordaz,Carlos Boom,46128,"C.V.G. BAUXILUM,C.A.",312,Tambor,208,ECO PLUS MONOGRADE MOTOR OIL API CF SAE 50 TBN 10,"208,00"
Puerto Ordaz,Carlos Boom,46128,"C.V.G. BAUXILUM,C.A.",312,Tambor,208,ECO DYN INDUSTRIAL GEAR OIL EP 460,"208,00"
Puerto Ordaz,Carlos Boom,46128,Minera,Pacific,Paila,19,ECO GREASE COMPLEX HT-EP,"38,00"
Puerto Ordaz,Carlos Boom,46128,Minera,Pacific,Tambor,208,ECO CLASSIC HEAVY DUTY DIESEL MULTIGRADE MOTOR OIL API CI-4 SAE 15W40,"208,00"
Puerto Ordaz,Carlos Boom,46128,Minera,Pacific,Tambor,208,ECO PLUS MONOGRADE MOTOR OIL API CF SAE 50 TBN 10,"208,00"
Puerto Ordaz,Carlos Boom,46128,Minera,Pacific,Tambor,208,ECO DYN PREMIUM HYDRAULIC OIL AW 68,"208,00"
Puerto Ordaz,Carlos Boom,46128,Minera,Pacific,Tambor,208,BIO MATIC CATERPILLAR TO-4 50,"208,00"
Puerto Ordaz,Carlos Boom,46128,"ASTILLAS NACIONALES ANCA, C.A.",70057,Paila,19,ECO GREASE COMPLEX HT-EP,"38,00"
Puerto Ordaz,Carlos Boom,46128,"ASTILLAS NACIONALES ANCA, C.A.",70057,Tambor,208,ECO CLASSIC HEAVY DUTY DIESEL MULTIGRADE MOTOR OIL API CI-4 SAE 15W40,"208,00"
Puerto Ordaz,Carlos Boom,46128,"ASTILLAS NACIONALES ANCA, C.A.",70057,Tambor,208,ECO PLUS MONOGRADE MOTOR OIL API CF SAE 50 TBN 10,"208,00"
Puerto Ordaz,Carlos Boom,46128,"ASTILLAS NACIONALES ANCA, C.A.",70057,Tambor,208,ECO DYN PREMIUM HYDRAULIC OIL AW 68,"208,00"
Puerto Ordaz,Carlos Boom,46128,"ASTILLAS NACIONALES ANCA, C.A.",70057,Tambor,208,BIO MATIC CATERPILLAR TO-4 30,"208,00"
Puerto Ordaz,Carlos Boom,46128,"ASTILLAS NACIONALES ANCA, C.A.",70057,Tambor,208,BIO MATIC CATERPILLAR TO-4 50,"208,00"
Puerto Ordaz,Carlos Boom,46128,"C.V.G. BAUXILUM,C.A.",312,Paila,19,ECO GREASE COMPLEX HT-EP,"38,00"
Puerto Ordaz,Carlos Boom,46128,"C.V.G. BAUXILUM,C.A.",312,Tambor,208,ECO CLASSIC HEAVY DUTY DIESEL MULTIGRADE MOTOR OIL API CI-4 SAE 15W40,"1.040,00"
Puerto Ordaz,Carlos Boom,46128,"C.V.G. BAUXILUM,C.A.",312,Tambor,208,ECO DYN PREMIUM HYDRAULIC OIL AW 68,"1.040,00"
Puerto Ordaz,Carlos Boom,46128,"C.V.G. BAUXILUM,C.A.",312,Tambor,208,CAR MINE COOLANT FLUID - 50/50,"416,00"
Puerto Ordaz,Carlos Boom,46128,"HIDROBOLIVAR, C.A.",79700,Bidon,"20,000",CAR MINE  HEAVY DUTY COOLANT,"40,00"
Puerto Ordaz,Carlos Boom,46128,"HIDROBOLIVAR, C.A.",79700,Paila,19,ECO CLASSIC HEAVY DUTY DIESEL MULTIGRADE MOTOR OIL API CI-4 SAE 15W40,"76,00"
Puerto Ordaz,Carlos Boom,46128,"HIDROBOLIVAR, C.A.",79700,Paila,19,ECO GREASE COMPLEX HT-EP,"38,00"
Puerto Ordaz,Carlos Boom,46128,"HIDROBOLIVAR, C.A.",79700,Tambor,208,ECO DYN INDUSTRIAL GEAR OIL EP 320,"208,00"
Barquisimeto,,,"MAXICAL,C.A",514,Paila,19,ECO PLUS MONOGRADE MOTOR OIL API CF SAE 50 TBN 10,"19,00"
Barquisimeto,,,"CONCENTRADOS COLACA, C.A",40533,Paila,19,ECO CLASSIC SYNTHETIC BLEND MULTIGRADE MOTOR OIL API SN/SL SAE 15W40,"19,00"
Barquisimeto,,,"CONCENTRADOS COLACA, C.A",40533,Paila,19,ECO CLASSIC HEAVY DUTY DIESEL MULTIGRADE MOTOR OIL API CI-4 SAE 15W40,"95,00"
Barquisimeto,,,"CONCENTRADOS COLACA, C.A",40533,Paila,19,ECO PLUS MONOGRADE MOTOR OIL API CF SAE 50 TBN 10,"19,00"
Barquisimeto,,,"CONCENTRADOS COLACA, C.A",40533,Paila,19,ECO DYN PREMIUM HYDRAULIC OIL AW 68,"19,00"
Barquisimeto,,,"CONCENTRADOS COLACA, C.A",40533,Paila,19,ECO GREASE COMPLEX HT-EP,"19,00"
Barquisimeto,,,"CONCENTRADOS COLACA, C.A",40533,Paila,19,CAR MINE COOLANT FLUID - 50/50,"19,00"
Barquisimeto,,,CONVELAC C.A,56613,Paila,19,ECO CLASSIC SYNTHETIC BLEND MULTIGRADE API SP/SN SAE 20W-50,"19,00"
Barquisimeto,,,CONVELAC C.A,56613,Tambor,208,ECO CLASSIC HEAVY DUTY DIESEL MULTIGRADE MOTOR OIL API CI-4 SAE 15W40,"416,00"
Barquisimeto,,,CONVELAC C.A,56613,Tambor,208,ECO DYN PREMIUM HYDRAULIC OIL AW 68,"208,00"
Barquisimeto,,,CONVELAC C.A,56613,Tambor,208,ECO DYN INDUSTRIAL GEAR OIL EP 320,"208,00"
Barquisimeto,Nelson Sosa,79485,PASTEURIZADORA TACHIRA C.A,16586,3x1,"11,355",ECO CLASSIC HEAVY DUTY DIESEL MULTIGRADE MOTOR OIL API CI-4 SAE 15W40,"11,00"
Barquisimeto,Nelson Sosa,79485,PASTEURIZADORA TACHIRA C.A,16586,Paila,19,ECO CLASSIC HEAVY DUTY DIESEL MULTIGRADE MOTOR OIL API CI-4 SAE 15W40,"57,00"
Barquisimeto,Nelson Sosa,79485,PASTEURIZADORA TACHIRA C.A,16586,Paila,19,ADDENDUM MULTIGRADE GEAR OIL API GL-5  SAE 80W90,"19,00"
Barquisimeto,Nelson Sosa,79485,PASTEURIZADORA TACHIRA C.A,16586,Paila,19,CAR MINE  HEAVY DUTY COOLANT,"19,00"
Barquisimeto,Nelson Sosa,79485,"NESTLE CADIPRO, S.A. (NESTLE CADIPRO,SA)",17332,Bidon,"20,000",CAR MINE  HEAVY DUTY COOLANT,"20,00"
Barquisimeto,Nelson Sosa,79485,"NESTLE CADIPRO, S.A. (NESTLE CADIPRO,SA)",17332,Paila,19,ECO PLUS MONOGRADE MOTOR OIL API CF SAE 50 TBN 10,"19,00"
Barquisimeto,Nelson Sosa,79485,"NESTLE CADIPRO, S.A. (NESTLE CADIPRO,SA)",17332,Paila,19,ADDENDUM MULTIGRADE GEAR OIL API GL-5  SAE 80W90,"19,00"
Barquisimeto,Nelson Sosa,79485,"NESTLE CADIPRO, S.A. (NESTLE CADIPRO,SA)",17332,Tambor,208,ECO CLASSIC HEAVY DUTY DIESEL MULTIGRADE MOTOR OIL API CI-4 SAE 15W40,"208,00"
Barquisimeto,Nelson Sosa,79485,"INDUSTRIAS LA ANDINA, C.A",31347,Bidon,"20,000",ADDENDUM MULTIGRADE GEAR OIL API GL-5  SAE 80W90,"20,00"
Barquisimeto,Nelson Sosa,79485,"INDUSTRIAS LA ANDINA, C.A",31347,Bidon,"20,000",CAR MINE  HEAVY DUTY COOLANT,"20,00"
Barquisimeto,Nelson Sosa,79485,"INDUSTRIAS LA ANDINA, C.A",31347,Paila,19,ECO PLUS MONOGRADE MOTOR OIL API CF SAE 50 TBN 10,"19,00"
Barquisimeto,Nelson Sosa,79485,PICADORA LAS VEGAS C.A,39369,Paila,19,ECO CLASSIC HEAVY DUTY DIESEL MULTIGRADE MOTOR OIL API CI-4 SAE 15W40,"38,00"
Barquisimeto,Nelson Sosa,79485,PICADORA LAS VEGAS C.A,39369,Paila,19,ECO PLUS MONOGRADE MOTOR OIL API CF SAE 50 TBN 10,"57,00"
Barquisimeto,Nelson Sosa,79485,PICADORA LAS VEGAS C.A,39369,Paila,19,ADDENDUM MULTIGRADE GEAR OIL API GL-5 SAE 85W140,"19,00"
Barquisimeto,Nelson Sosa,79485,PICADORA LAS VEGAS C.A,39369,Paila,19,ECO GREASE COMPLEX HT-EP,"19,00"
Barquisimeto,Nelson Sosa,79485,PICADORA LAS VEGAS C.A,39369,Paila,19,CAR MINE  HEAVY DUTY COOLANT,"19,00"
Barquisimeto,Nelson Sosa,79485,"PAVIMENTOS DEL SUR, C.A.",47117,Bidon,"20,000",ECO CLASSIC SYNTHETIC BLEND MULTIGRADE API SP/SN SAE 20W-50,"20,00"
Barquisimeto,Nelson Sosa,79485,"PAVIMENTOS DEL SUR, C.A.",47117,Paila,19,ECO CLASSIC HEAVY DUTY DIESEL MULTIGRADE MOTOR OIL API CI-4 SAE 15W40,"57,00"
Barquisimeto,Nelson Sosa,79485,"PAVIMENTOS DEL SUR, C.A.",47117,Paila,19,ECO PLUS MONOGRADE MOTOR OIL API CF SAE 50 TBN 10,"19,00"
Barquisimeto,Nelson Sosa,79485,"PAVIMENTOS DEL SUR, C.A.",47117,Paila,19,ECO DYN INDUSTRIAL GEAR OIL EP 320,"76,00"
Barquisimeto,Nelson Sosa,79485,"PAVIMENTOS DEL SUR, C.A.",47117,Paila,19,ADDENDUM MULTIGRADE GEAR OIL API GL-5 SAE 85W140,"19,00"
Barquisimeto,Nelson Sosa,79485,RESORTES LEGITIMOS ANDINOS S.A,48043,Paila,19,ECO CLASSIC HEAVY DUTY DIESEL MULTIGRADE MOTOR OIL API CI-4 SAE 15W40,"19,00"
Barquisimeto,Nelson Sosa,79485,RESORTES LEGITIMOS ANDINOS S.A,48043,Paila,19,ADDENDUM MULTIGRADE GEAR OIL API GL-5 SAE 85W140,"19,00"
Barquisimeto,Nelson Sosa,79485,RESORTES LEGITIMOS ANDINOS S.A,48043,Paila,19,ECO GREASE COMPLEX HT-EP,"19,00"
Barquisimeto,Nelson Sosa,79485,INDUSTRIA LACTEA CAÑO AMARILLO S.A,53675,Paila,19,ECO CLASSIC HEAVY DUTY DIESEL MULTIGRADE MOTOR OIL API CI-4 SAE 15W40,"19,00"
Barquisimeto,Nelson Sosa,79485,INDUSTRIA LACTEA CAÑO AMARILLO S.A,53675,Paila,19,ECO PLUS MONOGRADE MOTOR OIL API CF SAE 50 TBN 10,"19,00"
Barquisimeto,Nelson Sosa,79485,INDUSTRIA LACTEA CAÑO AMARILLO S.A,53675,Paila,19,ECO DYN PREMIUM HYDRAULIC OIL AW 68,"19,00"
Barquisimeto,Nelson Sosa,79485,INDUSTRIA LACTEA CAÑO AMARILLO S.A,53675,Paila,19,ECO GREASE COMPLEX HT-EP,"19,00"
Barquisimeto,Nelson Sosa,79485,INDUSTRIA LACTEA CAÑO AMARILLO S.A,53675,Paila,19,CAR MINE  HEAVY DUTY COOLANT,"19,00"
Barquisimeto,Nelson Sosa,79485,MADERERA SAN VICENTE C.A,56676,Paila,19,ECO CLASSIC HEAVY DUTY DIESEL MULTIGRADE MOTOR OIL API CI-4 SAE 15W40,"19,00"
Barquisimeto,Nelson Sosa,79485,MADERERA SAN VICENTE C.A,56676,Paila,19,ECO GREASE COMPLEX HT-EP,"19,00"
Barquisimeto,Nelson Sosa,79485,MADERERA SAN VICENTE C.A,56676,Paila,19,CAR MINE  HEAVY DUTY COOLANT,"19,00"
Barquisimeto,Nelson Sosa,79485,"C.M.S. CONSTRUCCIONES,MAQUINARIAS Y SER",66654,Paila,19,ECO CLASSIC HEAVY DUTY DIESEL MULTIGRADE MOTOR OIL API CI-4 SAE 15W40,"19,00"
Barquisimeto,Nelson Sosa,79485,"C.M.S. CONSTRUCCIONES,MAQUINARIAS Y SER",66654,Paila,19,ECO PLUS MONOGRADE MOTOR OIL API CF SAE 50 TBN 10,"19,00"
Barquisimeto,Nelson Sosa,79485,INDUSTRIA VENEZOLANA DE GUANTES C.A.,70170,Bidon,"20,000",ECO PLUS MONOGRADE MOTOR OIL API CF SAE 50 TBN 10,"20,00"
Barquisimeto,Nelson Sosa,79485,INDUSTRIA VENEZOLANA DE GUANTES C.A.,70170,Paila,19,ECO CLASSIC HEAVY DUTY DIESEL MULTIGRADE MOTOR OIL API CI-4 SAE 15W40,"19,00"
Barquisimeto,Nelson Sosa,79485,INDUSTRIA VENEZOLANA DE GUANTES C.A.,70170,Paila,19,ECO GREASE COMPLEX HT-EP,"19,00"
Barquisimeto,Nelson Sosa,79485,"TENERIA RUBIO, C.A.",74714,Bidon,"20,000",ECO DYN PREMIUM AW 100 HIDRAULIC OIL,"40,00"
Barquisimeto,Nelson Sosa,79485,"TENERIA RUBIO, C.A.",74714,Bidon,"20,000",ADDENDUM MULTIGRADE GEAR OIL API GL-5  SAE 80W90,"40,00"
Barquisimeto,Nelson Sosa,79485,"TENERIA RUBIO, C.A.",74714,Paila,19,ECO CLASSIC HEAVY DUTY DIESEL MULTIGRADE MOTOR OIL API CI-4 SAE 15W40,"38,00"
Barquisimeto,Nelson Sosa,79485,"TENERIA RUBIO, C.A.",74714,Paila,19,ECO PLUS MONOGRADE MOTOR OIL API CF SAE 50 TBN 10,"19,00"
Barquisimeto,Nelson Sosa,79485,FRIGORIFICO INDUSTRIAL AYARI C.A,75940,Bidon,"20,000",ECO GREASE COMPLEX HT-EP,"20,00"
Barquisimeto,Nelson Sosa,79485,FRIGORIFICO INDUSTRIAL AYARI C.A,75940,Bidon,"20,000",CAR MINE  HEAVY DUTY COOLANT,"20,00"
Barquisimeto,Nelson Sosa,79485,FRIGORIFICO INDUSTRIAL AYARI C.A,75940,Paila,19,ECO CLASSIC HEAVY DUTY DIESEL MULTIGRADE MOTOR OIL API CI-4 SAE 15W40,"19,00"
Barquisimeto,Nelson Sosa,79485,FRIGORIFICO INDUSTRIAL AYARI C.A,75940,Paila,19,ECO PLUS MONOGRADE MOTOR OIL API CF SAE 50 TBN 10,"19,00"
Barquisimeto,Nelson Sosa,79485,"ALACTSUCA,C.A.",76952,Bidon,"20,000",ECO GREASE COMPLEX HT-EP,"20,00"
Barquisimeto,Nelson Sosa,79485,"ALACTSUCA,C.A.",76952,Paila,19,ECO CLASSIC HEAVY DUTY DIESEL MULTIGRADE MOTOR OIL API CI-4 SAE 15W40,"19,00"
Barquisimeto,Nelson Sosa,79485,"ALACTSUCA,C.A.",76952,Paila,19,ECO PLUS MONOGRADE MOTOR OIL API CF SAE 50 TBN 10,"19,00"
Barquisimeto,Milton Marrufo,44707,INDUSTRIAS INTEGRADAS DE ALIMENTOS,43312,Paila,19,ECO DYN PREMIUM HYDRAULIC OIL AW 68,"19,00"
Barquisimeto,Milton Marrufo,44707,INDUSTRIAS INTEGRADAS DE ALIMENTOS,43312,Paila,19,ECO DYN INDUSTRIAL GEAR OIL EP 220,"19,00"
Barquisimeto,Milton Marrufo,44707,INDUSTRIAS INTEGRADAS DE ALIMENTOS,43312,Paila,19,ADDENDUM MULTIGRADE GEAR OIL API GL-5  SAE 80W90,"19,00"
Barquisimeto,Milton Marrufo,44707,INDUSTRIAS INTEGRADAS DE ALIMENTOS,43312,Paila,19,ECO GREASE COMPLEX HT-EP,"19,00"
Barquisimeto,Milton Marrufo,44707,INDUSTRIAS INTEGRADAS DE ALIMENTOS,43312,Paila,19,CAR MINE  HEAVY DUTY COOLANT,"19,00"
Barquisimeto,Milton Marrufo,44707,INDUSTRIAS INTEGRADAS DE ALIMENTOS,43312,Tambor,208,ECO CLASSIC HEAVY DUTY DIESEL MULTIGRADE MOTOR OIL API CI-4 SAE 15W40,"208,00"
Barquisimeto,Milton Marrufo,44707,"FABRICA DE PASTAS LA ESPECIAL, C.A.",64701,Paila,19,ECO CLASSIC HEAVY DUTY DIESEL MULTIGRADE MOTOR OIL API CI-4 SAE 15W40,"95,00"
Barquisimeto,Milton Marrufo,44707,"FABRICA DE PASTAS LA ESPECIAL, C.A.",64701,Paila,19,ECO DYN PREMIUM HYDRAULIC OIL AW 68,"19,00"
Barquisimeto,Milton Marrufo,44707,"FABRICA DE PASTAS LA ESPECIAL, C.A.",64701,Paila,19,ECO DYN PREMIUM AW 150 HIDRAULIC OIL,"19,00"
Barquisimeto,Milton Marrufo,44707,"FABRICA DE PASTAS LA ESPECIAL, C.A.",64701,Paila,19,ECO DYN INDUSTRIAL GEAR OIL EP 220,"19,00"
Barquisimeto,Milton Marrufo,44707,"FABRICA DE PASTAS LA ESPECIAL, C.A.",64701,Paila,19,ADDENDUM MULTIGRADE GEAR OIL API GL-5  SAE 80W90,"19,00"
Barquisimeto,Milton Marrufo,44707,"FABRICA DE PASTAS LA ESPECIAL, C.A.",64701,Paila,19,ECO GREASE COMPLEX HT-EP,"19,00"
Barquisimeto,Milton Marrufo,44707,"FABRICA DE PASTAS LA ESPECIAL, C.A.",64701,Paila,19,ECO GREASE COMPLEX HT-EP 5% BIMOLI,"19,00"
Barquisimeto,Milton Marrufo,44707,"FABRICA DE PASTAS LA ESPECIAL, C.A.",64701,Paila,19,CAR MINE  HEAVY DUTY COOLANT,"19,00"
Barquisimeto,Milton Marrufo,44707,C.A.CENTRAL LA PASTORA,157,Bidon,"20,000",CAR MINE  HEAVY DUTY COOLANT,"20,00"
Barquisimeto,Milton Marrufo,44707,C.A.CENTRAL LA PASTORA,157,Paila,19,ECO CLASSIC SYNTHETIC BLEND MULTIGRADE MOTOR OIL API SN/SL SAE 15W40,"57,00"
Barquisimeto,Milton Marrufo,44707,C.A.CENTRAL LA PASTORA,157,Paila,19,ECO CLASSIC HEAVY DUTY DIESEL MULTIGRADE MOTOR OIL API CI-4 SAE 15W40,"95,00"
Barquisimeto,Milton Marrufo,44707,C.A.CENTRAL LA PASTORA,157,Paila,19,ECO PLUS MONOGRADE MOTOR OIL API CF SAE 50 TBN 10,"57,00"
Barquisimeto,Milton Marrufo,44707,C.A.CENTRAL LA PASTORA,157,Paila,19,ECO DYN PREMIUM HYDRAULIC OIL AW 32,"57,00"
Barquisimeto,Milton Marrufo,44707,C.A.CENTRAL LA PASTORA,157,Paila,19,ECO DYN PREMIUM HYDRAULIC OIL AW 68,"57,00"
Barquisimeto,Milton Marrufo,44707,C.A.CENTRAL LA PASTORA,157,Paila,19,ECO DYN INDUSTRIAL GEAR OIL EP 150,"38,00"
Barquisimeto,Milton Marrufo,44707,C.A.CENTRAL LA PASTORA,157,Paila,19,ADDENDUM MULTIGRADE GEAR OIL API GL-5 SAE 85W140,"57,00"
Barquisimeto,Milton Marrufo,44707,C.A.CENTRAL LA PASTORA,157,Paila,19,ECO GREASE COMPLEX HT-EP,"19,00"
Barquisimeto,Milton Marrufo,44707,C.A.CENTRAL LA PASTORA,157,Paila,19,CAR MINE COOLANT FLUID - 50/50,"57,00"
Barquisimeto,Milton Marrufo,44707,C.A.CENTRAL LA PASTORA,157,Paila,19,CAR MINE ENGINE DEGREASER,"57,00"
Barquisimeto,Milton Marrufo,44707,CONCENTRADOS VALERA C.A. CONVACA,90088,Paila,19,ECO CLASSIC HEAVY DUTY DIESEL MULTIGRADE MOTOR OIL API CI-4 SAE 15W40,"38,00"
Barquisimeto,Milton Marrufo,44707,CONCENTRADOS VALERA C.A. CONVACA,90088,Paila,19,ECO DYN PREMIUM HYDRAULIC OIL AW 68,"19,00"
Barquisimeto,Milton Marrufo,44707,CONCENTRADOS VALERA C.A. CONVACA,90088,Paila,19,ECO DYN INDUSTRIAL GEAR OIL EP 150,"38,00"
Barquisimeto,Milton Marrufo,44707,CONCENTRADOS VALERA C.A. CONVACA,90088,Paila,19,ADDENDUM MULTIGRADE GEAR OIL API GL-5  SAE 80W90,"19,00"
Barquisimeto,Milton Marrufo,44707,CONCENTRADOS VALERA C.A. CONVACA,90088,Paila,19,ECO GREASE COMPLEX HT-EP,"19,00"
Barquisimeto,Milton Marrufo,44707,CONCENTRADOS VALERA C.A. CONVACA,90088,Tambor,208,CAR MINE COOLANT FLUID - 50/50,"208,00"
Barquisimeto,,,"IANCARINA, C.A.",14185,Paila,19,ECO CLASSIC HEAVY DUTY DIESEL MULTIGRADE MOTOR OIL API CI-4 SAE 15W40,"19,00"
Barquisimeto,,,"IANCARINA, C.A.",14185,Paila,19,ECO PLUS MONOGRADE MOTOR OIL API CF SAE 50 TBN 10,"19,00"
Barquisimeto,,,"IANCARINA, C.A.",14185,Paila,19,ECO DYN PREMIUM HYDRAULIC OIL AW 68,"19,00"
Barquisimeto,,,AGROPECUARIA LOS ALMENDROS C.A,37807,Paila,19,ECO CLASSIC HEAVY DUTY DIESEL MULTIGRADE MOTOR OIL API CI-4 SAE 15W40,"38,00"
Barquisimeto,,,AGROPECUARIA LOS ALMENDROS C.A,37807,Paila,19,ECO PLUS MONOGRADE MOTOR OIL API CF SAE 50 TBN 10,"19,00"
Barquisimeto,,,AGROPECUARIA LOS ALMENDROS C.A,37807,Paila,19,ECO DYN PREMIUM HYDRAULIC OIL AW 68,"19,00"
Barquisimeto,,,AGROPECUARIA LOS ALMENDROS C.A,37807,Paila,19,ECO GREASE COMPLEX HT-EP,"19,00"
Barquisimeto,,,AGROPECUARIA LOS ALMENDROS C.A,37807,Paila,19,CAR MINE  HEAVY DUTY COOLANT,"19,00"
Barquisimeto,,,GALLETERA ITALIA C.A,69246,Bidon,"20,000",ECO GREASE COMPLEX HT-EP,"20,00"
Barquisimeto,,,GALLETERA ITALIA C.A,69246,Paila,19,ECO PLUS MONOGRADE MOTOR OIL API CF SAE 50 TBN 10,"19,00"
Barquisimeto,,,GALLETERA ITALIA C.A,69246,Paila,19,ECO DYN PREMIUM HYDRAULIC OIL AW 68,"19,00"
Barquisimeto,,,GALLETERA ITALIA C.A,69246,Paila,19,CAR MINE COOLANT FLUID - 50/50,"19,00"
Barquisimeto,,,GALLETERA ITALIA C.A,69246,Tambor,208,ECO CLASSIC HEAVY DUTY DIESEL MULTIGRADE MOTOR OIL API CI-4 SAE 15W40,"416,00"
Barquisimeto,,,AGROINDUSTRIAS EL INTENTO C.A,71598,3x1,"11,355",ADDENDUM MULTIGRADE GEAR OIL API GL-5 SAE 85W140,"11,00"
Barquisimeto,,,AGROINDUSTRIAS EL INTENTO C.A,71598,Bidon,"20,000",ECO CLASSIC SYNTHETIC BLEND MULTIGRADE MOTOR OIL API SN/SL SAE 15W40,"20,00"
Barquisimeto,,,AGROINDUSTRIAS EL INTENTO C.A,71598,Bidon,"20,000",ECO CLASSIC SYNTHETIC BLEND MULTIGRADE API SP/SN SAE 20W-50,"20,00"
Barquisimeto,,,AGROINDUSTRIAS EL INTENTO C.A,71598,Bidon,"20,000",ECO CLASSIC HEAVY DUTY DIESEL MULTIGRADE MOTOR OIL API CI-4 SAE 15W40,"20,00"
Barquisimeto,,,AGROINDUSTRIAS EL INTENTO C.A,71598,Bidon,"20,000",ECO DYN PREMIUM HYDRAULIC OIL AW 68,"20,00"
Barquisimeto,,,AGROINDUSTRIAS EL INTENTO C.A,71598,Paila,19,ECO PLUS MONOGRADE MOTOR OIL API CF SAE 50 TBN 10,"19,00"
Barquisimeto,,,AGROINDUSTRIAS EL INTENTO C.A,71598,Paila,19,ADDENDUM MULTIGRADE GEAR OIL API GL-5  SAE 80W90,"19,00"
Barquisimeto,,,AGROINDUSTRIAS EL INTENTO C.A,71598,Paila,19,ECO GREASE COMPLEX HT-EP,"38,00"
Barquisimeto,,,ALIMENTOS BOTALON C.A,78488,Paila,19,ECO CLASSIC HEAVY DUTY DIESEL MULTIGRADE MOTOR OIL API CI-4 SAE 15W40,"19,00"
Barquisimeto,,,ALIMENTOS BOTALON C.A,78488,Paila,19,ECO PLUS MONOGRADE MOTOR OIL API CF SAE 50 TBN 10,"19,00"
Barquisimeto,,,ALIMENTOS BOTALON C.A,78488,Tambor,208,ECO DYN PREMIUM HYDRAULIC OIL AW 68,"208,00"
Barquisimeto,,,MAQUINARIAS DOMO S.A,79374,Paila,19,ECO PLUS MONOGRADE MOTOR OIL API CF SAE 50 TBN 10,"19,00"
Barquisimeto,,,MAQUINARIAS DOMO S.A,79374,Paila,19,ECO DYN PREMIUM HYDRAULIC OIL AW 68,"95,00"
Barquisimeto,,,MAQUINARIAS DOMO S.A,79374,Tambor,208,CAR MINE COOLANT FLUID - 50/50,"832,00"
Barquisimeto,,,MAQUINARIAS DOMO S.A,79374,Tote Tank,1040,ECO CLASSIC HEAVY DUTY DIESEL MULTIGRADE MOTOR OIL API CI-4 SAE 15W40,"1.040,00"
Barquisimeto,,,"AGROPECUARIA LA RESERVA,C.A",92963,Paila,19,ECO CLASSIC HEAVY DUTY DIESEL MULTIGRADE MOTOR OIL API CI-4 SAE 15W40,"19,00"
Barquisimeto,,,"AGROPECUARIA LA RESERVA,C.A",92963,Paila,19,ECO PLUS MONOGRADE MOTOR OIL API CF SAE 50 TBN 10,"76,00"
Barquisimeto,,,"AGROPECUARIA LA RESERVA,C.A",92963,Paila,19,ECO DYN PREMIUM HYDRAULIC OIL AW 68,"57,00"
Barquisimeto,,,"SERVICIOS AGROPECUARIOS LOS CEDROS, C.A",93028,Paila,19,ECO CLASSIC HEAVY DUTY DIESEL MULTIGRADE MOTOR OIL API CI-4 SAE 15W40,"38,00"
Barquisimeto,,,"SERVICIOS AGROPECUARIOS LOS CEDROS, C.A",93028,Paila,19,ECO PLUS MONOGRADE MOTOR OIL API CF SAE 50 TBN 10,"19,00"
Barquisimeto,,,"SERVICIOS AGROPECUARIOS LOS CEDROS, C.A",93028,Paila,19,ECO GREASE COMPLEX HT-EP,"19,00"
Barquisimeto,Jose Martinez,45499,ARCILLA VENEZOLANA CA,20855,Paila,19,ECO CLASSIC HEAVY DUTY DIESEL MULTIGRADE MOTOR OIL API CI-4 SAE 15W40,"19,00"
Barquisimeto,Jose Martinez,45499,ARCILLA VENEZOLANA CA,20855,Paila,19,ECO DYN PREMIUM HYDRAULIC OIL AW 46,"19,00"
Barquisimeto,Jose Martinez,45499,ARCILLA VENEZOLANA CA,20855,Paila,19,BIO MATIC CATERPILLAR TO-4 50,"19,00"
Barquisimeto,Jose Martinez,45499,ARCILLA VENEZOLANA CA,20855,Paila,19,ADDENDUM MULTIGRADE GEAR OIL API GL-5  SAE 80W90,"19,00"
Barquisimeto,Jose Martinez,45499,ARCILLA VENEZOLANA CA,20855,Paila,19,CAR MINE COOLANT FLUID - 50/50,"19,00"
Barquisimeto,Jose Martinez,45499,DERIVADOS SIDERURGICOS C.A.,,Paila,19,ECO GREASE COMPLEX HT-EP,"95,00"
Barquisimeto,Jose Martinez,45499,DERIVADOS SIDERURGICOS C.A.,,Tambor,208,ECO DYN PREMIUM HYDRAULIC OIL AW 68,"416,00"
Barquisimeto,Jose Martinez,45499,DERIVADOS SIDERURGICOS C.A.,,Tambor,208,ECO DYN INDUSTRIAL GEAR OIL EP 220,"208,00"
Barquisimeto,Jose Martinez,45499,DERIVADOS SIDERURGICOS C.A.,,Tambor,208,ECO DYN INDUSTRIAL GEAR OIL EP 320,"208,00"
Barquisimeto,Jose Martinez,45499,DERIVADOS SIDERURGICOS C.A.,,Tambor,208,ECO DYN INDUSTRIAL GEAR OIL EP 460,"208,00"
Barquisimeto,Jose Martinez,45499,DESTILERIAS UNIDAS S.A.,728,Paila,19,CAR MINE COOLANT FLUID - 50/50,"76,00"
Barquisimeto,Jose Martinez,45499,DESTILERIAS UNIDAS S.A.,728,Tambor,208,ECO CLASSIC HEAVY DUTY DIESEL MULTIGRADE MOTOR OIL API CI-4 SAE 15W40,"208,00"
Barquisimeto,Jose Martinez,45499,"INDUSTRIAS MAROS, C.A",78413,Paila,19,ECO CLASSIC HEAVY DUTY DIESEL MULTIGRADE MOTOR OIL API CI-4 SAE 15W40,"19,00"
Barquisimeto,Jose Martinez,45499,"INDUSTRIAS MAROS, C.A",78413,Paila,19,CAR MINE COOLANT FLUID - 50/50,"19,00"
Barquisimeto,Jose Martinez,45499,PRONUTRI C.A.,,Paila,19,ECO CLASSIC HEAVY DUTY DIESEL MULTIGRADE MOTOR OIL API CI-4 SAE 15W40,"19,00"
Barquisimeto,Jose Martinez,45499,PRONUTRI C.A.,,Paila,19,ECO PLUS MONOGRADE MOTOR OIL API CF SAE 50 TBN 10,"19,00"
Barquisimeto,Jose Martinez,45499,PRONUTRI C.A.,,Paila,19,ECO DYN PREMIUM HYDRAULIC OIL AW 68,"19,00"
Barquisimeto,Jose Martinez,45499,PRONUTRI C.A.,,Paila,19,CAR MINE COOLANT FLUID - 50/50,"19,00"
Barquisimeto,Jose Martinez,45499,VINCCLER C.A.,2840,Paila,19,ECO CLASSIC HEAVY DUTY DIESEL MULTIGRADE MOTOR OIL API CI-4 SAE 15W40,"95,00"
Barquisimeto,Jose Martinez,45499,VINCCLER C.A.,2840,Paila,19,ECO PLUS MONOGRADE MOTOR OIL API CF SAE 50 TBN 10,"95,00"
Barquisimeto,Jose Martinez,45499,VINCCLER C.A.,2840,Paila,19,BIO MATIC CATERPILLAR TO-4 30,"57,00"
Barquisimeto,Jose Martinez,45499,VINCCLER C.A.,2840,Paila,19,BIO MATIC CATERPILLAR TO-4 50,"57,00"
Barquisimeto,Jose Martinez,45499,VINCCLER C.A.,2840,Paila,19,ECO GREASE COMPLEX HT-EP,"38,00"
Barquisimeto,Jose Martinez,45499,VINCCLER C.A.,2840,Tambor,208,CAR MINE COOLANT FLUID - 50/50,"208,00"
Barquisimeto,Jose Martinez,45499,"VENEZOLANA DE CEMENTOS, S.A.C.A.",1076,Paila,19,BIO MATIC AUTOMATIC TRANSMISSION FLUID DEXRON III H,"38,00"
Barquisimeto,Jose Martinez,45499,"VENEZOLANA DE CEMENTOS, S.A.C.A.",1076,Paila,19,ADDENDUM MULTIGRADE GEAR OIL API GL-5  SAE 80W90,"38,00"
Barquisimeto,Jose Martinez,45499,"VENEZOLANA DE CEMENTOS, S.A.C.A.",1076,Paila,19,ADDENDUM MULTIGRADE GEAR OIL API GL-5 SAE 85W140,"38,00"
Barquisimeto,Jose Martinez,45499,"VENEZOLANA DE CEMENTOS, S.A.C.A.",1076,Tambor,208,ECO CLASSIC HEAVY DUTY DIESEL MULTIGRADE MOTOR OIL API CI-4 SAE 15W40,"208,00"
Barquisimeto,Jose Martinez,45499,"VENEZOLANA DE CEMENTOS, S.A.C.A.",1076,Tambor,208,ECO PLUS MONOGRADE MOTOR OIL API CF SAE 50 TBN 10,"208,00"
Barquisimeto,Jose Martinez,45499,"VENEZOLANA DE CEMENTOS, S.A.C.A.",1076,Tambor,208,ECO DYN PREMIUM HYDRAULIC OIL AW 68,"208,00"
Barquisimeto,Jose Martinez,45499,"VENEZOLANA DE CEMENTOS, S.A.C.A.",1076,Tambor,208,ECO DYN INDUSTRIAL GEAR OIL EP 220,"208,00"
Barquisimeto,Jose Martinez,45499,"VENEZOLANA DE CEMENTOS, S.A.C.A.",1076,Tambor,208,ECO DYN INDUSTRIAL GEAR OIL EP 320,"208,00"
Barquisimeto,Jose Martinez,45499,"VENEZOLANA DE CEMENTOS, S.A.C.A.",1076,Tambor,208,BIO MATIC CATERPILLAR TO-4 30,"208,00"
Barquisimeto,Jose Martinez,45499,"VENEZOLANA DE CEMENTOS, S.A.C.A.",1076,Tambor,208,BIO MATIC CATERPILLAR TO-4 50,"208,00"
Barquisimeto,Jose Martinez,45499,"DESARROLLO AGROINDUSTRIAL AGUA SANTA,S.A",48427,Paila,19,ECO CLASSIC HEAVY DUTY DIESEL MULTIGRADE MOTOR OIL API CI-4 SAE 15W40,"19,00"
Barquisimeto,Jose Martinez,45499,"DESARROLLO AGROINDUSTRIAL AGUA SANTA,S.A",48427,Paila,19,CAR MINE  HEAVY DUTY COOLANT,"19,00"
Barquisimeto,Jose Martinez,45499,CHOCOLATES EL REY C A,63579,Paila,19,ECO CLASSIC HEAVY DUTY DIESEL MULTIGRADE MOTOR OIL API CI-4 SAE 15W40,"19,00"
Barquisimeto,Jose Martinez,45499,CHOCOLATES EL REY C A,63579,Paila,19,CAR MINE  HEAVY DUTY COOLANT,"19,00"
Barquisimeto,Jose Martinez,45499,"INDUSTRIAS KEL, C.A.",65388,Paila,19,ECO CLASSIC HEAVY DUTY DIESEL MULTIGRADE MOTOR OIL API CI-4 SAE 15W40,"19,00"
Barquisimeto,Jose Martinez,45499,"INDUSTRIAS KEL, C.A.",65388,Paila,19,CAR MINE  HEAVY DUTY COOLANT,"19,00"
Barquisimeto,Jose Martinez,45499,AVICOLA LAS TUNAS C.A.,77265,Paila,19,ECO CLASSIC HEAVY DUTY DIESEL MULTIGRADE MOTOR OIL API CI-4 SAE 15W40,"19,00"
Barquisimeto,Jose Martinez,45499,AVICOLA LAS TUNAS C.A.,77265,Paila,19,ECO PLUS MONOGRADE MOTOR OIL API CF SAE 50 TBN 10,"19,00"
Barquisimeto,Jose Martinez,45499,AVICOLA LAS TUNAS C.A.,77265,Paila,19,CAR MINE  HEAVY DUTY COOLANT,"19,00"
Barquisimeto,Jose Martinez,45499,C.A. DESTILERIA YARACUY,78574,Paila,19,ECO CLASSIC HEAVY DUTY DIESEL MULTIGRADE MOTOR OIL API CI-4 SAE 15W40,"76,00"
Barquisimeto,Jose Martinez,45499,C.A. DESTILERIA YARACUY,78574,Paila,19,ECO PLUS MONOGRADE MOTOR OIL API CF SAE 50 TBN 10,"57,00"
Barquisimeto,Jose Martinez,45499,C.A. DESTILERIA YARACUY,78574,Paila,19,ECO DYN PREMIUM AW 100 HIDRAULIC OIL,"38,00"
Barquisimeto,Jose Martinez,45499,C.A. DESTILERIA YARACUY,78574,Paila,19,ECO DYN INDUSTRIAL GEAR OIL EP 220,"38,00"
Barquisimeto,Jose Martinez,45499,C.A. DESTILERIA YARACUY,78574,Paila,19,ECO DYN INDUSTRIAL GEAR OIL EP 320,"57,00"
Barquisimeto,Jose Martinez,45499,C.A. DESTILERIA YARACUY,78574,Paila,19,ECO DYN INDUSTRIAL GEAR OIL EP 460,"57,00"
Barquisimeto,Jose Martinez,45499,C.A. DESTILERIA YARACUY,78574,Paila,19,ECO GREASE COMPLEX HT-EP,"38,00"
Barquisimeto,Jose Martinez,45499,C.A. DESTILERIA YARACUY,78574,Paila,19,CAR MINE  HEAVY DUTY COOLANT,"38,00"
Barquisimeto,Jose Martinez,45499,C.A. DESTILERIA YARACUY,78574,Tambor,208,ECO DYN PREMIUM AW 100 HIDRAULIC OIL,"208,00"
Barquisimeto,Jose Martinez,45499,C.A. DESTILERIA YARACUY,78574,Tambor,208,ECO DYN INDUSTRIAL GEAR OIL EP 220,"208,00"